0.0011945696,-0.078335606,-0.059565417,0.06113746,-0.13319361,0.0028490664,0.0067102043,0.11734356,-0.046862278,-0.04699967,-0.10177523,-0.103709765,0.10314898,0.07338656,-0.26640788,-0.012414915,-0.08459597,0.010996736,0.056167405,-0.11162725,-0.0070574917,-0.009739686,-0.106353275,-0.0910971,-0.021457028,0.020239905,-0.02395375,-0.044166733,-0.0074443994,-0.01146108,-0.07324302,-0.06185749,0.1565154,-0.065245345,-0.07350846,0.094450176,0.06731662,-0.11378945,-0.004538246,-0.07903917,-0.07662387,0.14081654,-0.0903266,-0.12725778,-0.002540013,-0.05770649,-0.02719933,0.013864138,-0.18159294,0.1261068,-0.054226592,-0.02330601,0.13821867,0.124947175,-0.056973733,-0.02616147,0.039395735,-0.009232372,-0.07171415,0.00063891447,-0.004227589,0.103062965,0.10481778,-0.07218812,-0.031567466,0.023382414,0.005802817,-0.19093122,-0.05397002,0.110998236,0.051992618,0.15024105,-0.03913809,-0.040948227,-0.032377362,0.06660766,0.0037414164,0.090913564,-0.17217876,-0.03818501,0.027846295,-0.017706199,-0.05915863,0.0022626824,0.13331673,0.0940279,-0.24981481,0.07272661,0.017308403,0.1423778,-0.04423628,-9.143331e-05,-0.008224848,0.0610195,-0.0068055894,-0.0744792,-0.092546105,-0.15037918,0.06726753,-0.032246113,-0.15567821,-0.02450006,0.05161735,0.09349445,-0.1337833,0.07208377,0.15335861,-0.06215916,0.049132258,0.1193305,-0.12901784,-0.022861756,-0.044939894,0.054246787,-0.040437568,0.15641987,-0.030169008,0.11576576,-0.052349225,0.011218943,0.006945965,-0.014209847,0.0658905,0.035053533,0.020436598,0.09675013,-0.22548023,0.1083773
0.11236545,-0.13150468,0.0020664036,0.05203511,-0.0074830116,-0.28576502,0.11961855,-0.039311703,0.07454925,0.093576066,-0.06480967,-0.031274825,-0.0793626,0.05019716,-0.014647553,-0.13206126,0.008920571,-0.045572937,-0.012407227,-0.015040677,0.12578031,0.028494263,0.15775208,0.07167788,-0.069609724,0.03470963,0.07461064,0.11465585,-0.08041873,-0.05220802,0.08500057,-0.08746078,-0.005151991,0.08797047,-0.020023065,0.04217496,-0.05958831,-0.10341413,-0.121413894,0.051827677,0.013070101,0.06856283,-0.017141197,-0.09021088,-0.014293261,0.031342402,-0.0035681692,0.07961213,-0.023745192,-0.029873567,-0.12302773,-0.09786118,0.051332258,0.033193488,0.045291245,-0.0012269128,0.062605426,0.08700626,0.13341515,0.051756095,0.027095621,0.10189682,0.10170337,0.0038055643,-0.093336895,-0.13844542,0.03955533,-0.0813564,0.072079286,-0.012619176,-0.065277755,-0.050386783,0.036122203,-0.038535416,-0.13061982,0.050347496,0.010744939,-0.023855204,-0.17583506,-0.00065288827,-0.15468158,-0.07881776,0.06987762,-0.16943975,0.12733918,-0.18520376,0.046991203,-0.045331396,0.2264339,0.09010641,0.019804155,0.07303716,-0.03391222,-0.0371508,-0.042555362,0.115158014,-0.021813376,0.113533184,-0.042491835,0.027781265,-0.0647031,0.08439961,-0.033844493,0.095658906,-0.13867927,-0.06259182,0.095499866,-0.16950548,0.19195263,0.015841123,0.06582272,0.034093987,0.15360625,-0.046113256,0.054393064,-0.15490651,0.18205605,0.00546961,-0.12807263,0.048203494,0.054727998,0.0009437422,0.018267749,0.029364383,0.11010472,0.078786284,-0.019478464,0.076749526
-0.1299976,-0.0010105418,-0.025322946,0.031023715,0.10243704,0.020446017,-0.13280727,0.03803236,-0.045600075,0.054877583,-0.011389749,-0.048696537,-0.04474262,0.04562049,-0.039585296,0.078211844,0.0006287648,-0.03824217,-0.03988424,-0.07718187,0.01827518,0.1289375,-0.05828179,0.11622103,-0.021885267,-0.02107215,0.028093325,-0.066723965,-0.07494646,-0.037924387,0.0036123246,-0.01049714,-0.0032656796,-0.09924495,-0.29997602,0.04454492,0.07798132,-0.05856482,-0.086990714,0.007404812,0.001636067,0.08597331,-0.083751656,0.04758666,-0.04272269,-0.0557949,0.085488014,-0.14927408,-0.075734474,0.12323794,-0.15054022,-0.017476853,-0.016133321,0.036882516,0.16044775,0.12916528,0.083207555,-0.07571197,0.035075754,-0.064440355,-0.04610439,0.017964536,0.22320603,0.121917404,-0.047840163,0.020818794,0.15145239,-0.097578324,0.052472275,-0.021372626,0.035078164,0.123181336,0.1599258,-0.052597888,0.013357573,0.02076409,0.077425495,-0.042931005,-0.047182407,0.024600295,-0.08926704,-0.08262592,-0.03284422,0.08049785,-0.05291248,-0.06369386,0.13620843,-0.29375616,0.058682278,0.048279352,0.10267222,0.0630729,0.020171633,0.039482445,-0.037312225,0.12851748,0.062111802,-0.060562838,0.11192894,-0.09139466,-0.105230495,0.089628085,-0.08150311,-0.04210139,-0.046930417,0.056621052,0.0762157,-0.09448653,0.1357049,-0.070778124,-0.03844465,0.08696837,-0.018238632,-0.040701877,0.020218931,0.03744754,-0.06053279,0.09783884,-0.032042503,0.1495961,-0.06212558,0.010856577,-0.13326022,0.18244562,0.076892234,0.07472355,-0.19025354,0.11094201
-0.13501509,0.013050088,0.008133984,-0.11191764,0.06808592,0.07951276,-0.025682587,0.003936329,0.013702118,0.07260469,0.0313946,-0.073536456,-0.059187606,-0.075148016,-0.053848412,0.020062208,0.018785382,0.02421262,-0.033825845,-0.10070265,0.03320882,0.18453242,0.037679497,0.05528494,0.0878773,-0.025573323,-0.0078176875,-0.035247378,-0.0008821939,-0.04950395,0.013731989,-0.02181272,-0.040353075,0.048871916,-0.07010257,0.10304687,-0.11161261,0.042697348,-0.065973766,0.014172594,-0.07662412,0.04421762,-0.14853635,0.039202612,0.03769447,-0.08589358,-0.053620912,-0.07129202,0.021702508,0.13275152,-0.18607153,-0.02084176,0.01921181,0.006185929,0.1411891,-0.0316554,0.1710405,0.019974928,0.08935125,0.033604756,-0.075577505,0.079201356,0.25384486,0.11654676,0.1196425,0.022112286,0.088136196,-0.08304139,-0.026701408,0.0138517115,0.051056005,0.121279165,0.14758828,-0.079538286,0.08441197,-0.0065108384,-0.010315771,-0.09704776,-0.12215209,0.033666022,-0.14707506,-0.14780357,0.0053396323,0.012986315,-0.1939483,-0.023517556,0.052696094,-0.21719776,-0.02215508,-0.008677236,0.07936205,0.069607705,-0.09172912,0.050232165,-0.05713509,0.12619773,0.07796107,-0.11446139,-0.06704415,0.03920708,-0.024039743,0.114259936,-0.044393435,-0.10221213,-0.080441155,0.049213998,0.0075783217,-0.19484667,0.17634097,0.05105007,0.078743786,0.021463616,0.003668233,-0.051955123,0.08192706,-0.08454305,-0.016204419,0.023051769,-0.020944897,0.20610498,0.00034525886,0.003498268,-0.10119238,0.17713664,0.10267024,-0.0646819,-0.1517299,0.13493961
0.07114845,-0.13963924,-0.001098706,0.042612486,-0.039294466,-0.15840456,0.09060958,-0.037498884,0.13140106,0.2682131,-0.017702162,0.07089655,-0.11581703,0.063526474,0.078999385,-0.119935565,-0.005612139,-0.15585738,0.004245215,0.043174706,0.08864955,0.07345495,0.083458856,0.05811495,0.017736197,-0.085247956,-0.014289596,0.06747098,-0.051031083,-0.08863017,0.000805594,-0.016017364,-0.09871442,0.13398267,0.009200378,0.058087163,-0.060670022,-0.06987936,-0.0385555,0.11534001,0.13609011,0.025820877,-0.07539974,0.043087114,0.00985292,0.08320635,-0.019288387,0.05366987,0.0025726396,-0.068873964,-0.021216644,0.039303377,-0.060751446,0.010271089,0.04647544,-0.07777567,0.040678512,0.14455555,0.17076714,0.13220303,-0.07662257,0.08147429,0.122995615,0.052820314,-0.07095795,-0.122530945,0.05400062,0.08700712,0.06657922,-0.108138785,-0.10469251,-0.13629398,0.049950145,0.07674302,-0.02373182,0.007607604,0.054813996,0.030143257,-0.08983395,-0.008014302,-0.117255196,0.07060605,0.118489884,-0.01462523,0.1537422,-0.17116988,0.061272632,-0.095767975,0.18190232,0.17546222,0.05493936,0.115168385,-0.09616959,-0.039162256,0.001236024,0.14015487,-0.13506764,0.19318688,-0.022740046,0.041099183,-0.009101257,0.05070701,-0.026653983,-0.021643931,-0.053546753,0.016315546,0.11194516,-0.17242424,0.12846851,-0.026727602,0.10219134,-0.035700087,0.09228106,-0.0011790942,0.095346585,-0.11652984,0.081278875,-0.011211858,-0.051727436,0.027904904,0.11875264,0.05221034,-0.09273665,-0.0015032366,0.03865908,0.019278966,0.059570998,0.08471057
0.14146493,0.026601842,-0.03643426,0.1210734,0.01726102,0.076271586,-0.055150647,0.03468634,-0.15860161,0.009928517,0.012678295,0.016641276,0.1850924,-0.13419928,-0.021882365,-0.06963193,-0.10719741,0.0052193473,0.1243291,-0.084158495,-0.028427808,0.05901446,-0.12140404,0.10937288,0.038772427,0.010298552,0.12429786,-0.018455109,-0.020204915,0.04137309,-0.02883038,-0.124229155,-0.0029038931,0.045196425,-0.13056801,0.0007509778,0.015576586,0.07429389,-0.14710374,-0.15420382,-0.11478934,-0.08040982,0.044149507,-0.10732813,0.28485394,0.048381478,0.06494558,-0.020745253,0.17235255,0.051043816,-0.01472274,0.043830786,0.025365917,-0.18427496,-0.086340815,0.08624308,-0.009045498,0.00047471258,0.05100394,-0.16098134,0.06596463,-0.035443902,-0.0041630585,-0.110892594,0.27954346,0.00045471487,0.012362918,-0.019631261,-0.030550862,0.12205517,0.07407842,0.15388244,0.11938484,-0.0597895,0.07688578,-0.065896,-0.016230147,0.16569892,0.0746948,-0.08086995,-0.07279111,-0.13093641,0.04118616,0.0872739,-0.12241288,-0.04461716,0.052842118,-0.016181504,-0.014605881,-0.19701007,-0.03193201,-0.017781585,-0.008816411,0.03446161,-0.068333074,0.061574012,-0.030452764,0.14527996,-0.055138256,0.05550225,-0.033769,-0.0016614833,0.017723223,0.03426809,0.032322567,-0.04664807,0.0011635376,0.17804521,0.022521982,0.027907986,-0.0270565,-0.1047901,-0.06591883,-0.0010735532,-0.0704751,-0.008917953,-0.10394895,-0.012599132,-0.068323545,-0.09184568,-0.04752745,-0.025352376,0.01189143,0.14036594,0.1346417,-0.0015964629,-0.0042403946,0.017023424
-0.045619123,-0.044455413,0.037012346,-0.15296894,0.022189109,0.024976192,0.058264576,-0.04965367,0.028590562,0.18753201,0.022261998,-0.03186991,-0.052383542,-0.075024806,0.18983097,-0.06986932,-0.013773629,-0.10262585,0.017935768,-0.010453466,0.09081672,0.15728773,0.010824721,0.08715174,0.14222585,-0.055243563,-0.009972583,0.014212783,0.08516099,0.0075231567,0.043160565,0.0021851258,-0.16605327,0.010873502,0.023802623,0.1919306,-0.09915561,-0.02167012,-0.05795676,0.14984924,0.009622306,-0.071534604,-0.10388161,0.019732166,0.09309532,-0.028407296,-0.13305642,0.030494,0.012327713,0.01770955,-0.059072275,0.017223805,0.0078109824,-0.07199214,-0.023405515,-0.13695031,-0.0077296323,0.18312508,0.1506426,0.16180792,-0.14360979,0.03505703,0.11002679,0.043678507,-0.03390602,-0.004400833,0.0023707,0.021846289,-0.12220709,0.021580365,-0.029167933,-0.009117339,-0.032665003,0.09958283,0.045372926,-0.049355097,-0.04052177,-0.0020235064,-0.094181255,-0.032808974,-0.20449612,0.018538626,0.03403873,0.022872401,0.014123185,-0.06947881,-0.11793654,-0.05932669,0.16717467,2.5679927e-05,0.13025834,0.19400413,-0.18050323,0.019470254,0.039441936,0.0944888,-0.030648755,0.06628115,0.025906025,-0.07309293,-0.0011410834,0.08452015,0.0025770848,0.008965456,-0.16350725,0.0007584695,0.050773777,-0.2815744,0.035985697,0.022017434,0.05533542,0.03507916,-0.08797308,-0.066913,0.06689896,-0.022522224,0.051355068,-0.16083486,-0.08135785,0.15829857,0.14691684,0.06298499,-0.008775398,0.03211305,0.056975972,-0.032561697,0.03944655,0.13946107
-0.064138845,-0.073608056,-0.06867883,0.013912442,-0.08529533,0.07044474,-0.018175099,0.11711521,-0.046314225,-0.019674541,-0.04206702,-0.0394922,0.080307774,0.05855797,-0.22187395,0.01924644,-0.037677974,-0.061637945,0.052381355,-0.11015738,-0.066033214,0.053094216,-0.15038253,-0.0320471,0.03204645,0.0129630575,0.01727334,-0.05292265,0.03529677,0.02253129,-0.012761817,-0.056181803,0.061238185,-0.13664132,-0.081082575,0.17751922,0.014092976,-0.117712095,-0.018265203,-0.015259292,-0.068276115,0.10152706,-0.0875476,-0.080242336,0.053268377,-0.09715388,-0.0763084,0.04440239,-0.213806,0.15768668,-0.06194051,-0.06383777,0.12704793,0.074394405,-0.12889495,-0.061497383,0.0011724938,0.052048903,-0.0419778,0.022543684,-0.024197293,0.04055055,0.07973878,-0.007298294,-0.026405463,0.08864193,0.06504734,-0.13872227,-0.1304614,0.100532934,0.03551177,0.20135285,-0.060036477,0.0043891696,0.07642572,0.047558695,-0.06462694,0.033260256,-0.15883866,-0.04145738,-0.06007554,-0.008307518,-0.06815896,-0.016930442,0.0855366,0.038981766,-0.26589388,0.037518833,-0.022106247,0.08183728,-0.020063976,0.056031357,-0.067258,0.08566021,0.06790687,-0.06775458,-0.059036486,-0.19204958,0.13773651,-0.042907234,-0.12877426,-0.032881297,0.013824748,0.025110656,-0.12474251,0.10156029,0.12049794,-0.14665873,0.030899353,0.08863933,-0.13700102,-0.025544675,-0.109705724,0.07894941,-0.021671994,0.15321505,0.01448501,0.124727815,-0.044168297,0.033951662,0.063334756,0.0075433166,0.02694352,0.02779398,0.0055851284,0.051049564,-0.22472389,0.13905951
-0.031223217,-0.07883227,-0.0480665,0.0053714826,-0.042743426,-0.056661658,0.031710565,0.03630753,0.013401857,0.11786612,-0.004809645,-0.033196412,-0.07011272,0.031179,-0.06421979,-0.085952714,0.046476018,0.009683977,-0.07174519,-0.114975505,0.07651846,0.093092,0.082731895,-0.0056539606,0.09222487,-0.044871602,0.03729796,0.009833275,-0.057469375,-0.06552295,-0.03778996,-0.043354776,-0.026696736,0.15843472,-0.004817541,0.12696572,-0.071281575,0.015470721,-0.09910783,-0.027030336,-0.11959568,0.13303226,-0.11868439,-0.07998611,-0.010005746,-0.055341396,-0.022983968,0.07371593,-0.043639846,0.013916026,-0.14044091,-0.03705805,-0.0010241842,0.08458054,0.2002304,-0.062323917,0.1333249,0.049287003,0.101657696,0.009399678,-0.06378615,0.10899336,0.263266,0.11214759,-0.015712153,-0.08793816,0.016756099,-0.08178154,0.03307052,-0.041413274,0.09795079,0.085457034,0.102263756,-0.055789564,-0.0143923545,0.04800612,0.02441375,-0.05382788,-0.1718595,-0.031409565,-0.13050029,-0.095544115,0.056355134,-0.033673882,-0.0859904,-0.06370006,0.008514861,-0.15310407,0.033673193,0.037873656,0.018653028,0.08784857,-0.037701424,0.012475928,-0.042199172,0.14896926,-0.025682209,0.009579779,-0.06659634,0.111174196,-0.058815163,0.13099228,-0.0076397914,-0.01541712,-0.12488831,-0.006976936,0.06828586,-0.19778126,0.15964636,0.12953788,0.12905638,-0.02506651,0.11671307,-0.012534017,0.15791854,-0.12793459,0.17292318,0.012464412,-0.095891245,0.075974226,0.05369947,0.031667087,-0.053877722,0.19122803,0.10423699,-0.03381112,-0.14153253,0.20985849
-0.08047646,-0.041007593,0.057545412,-0.010856658,-0.04224724,-0.009662548,-0.044575043,0.0899309,0.04615329,0.069614336,-0.040477347,0.13942975,-0.04320782,-0.12173002,0.1916174,-0.12375864,0.08271765,-0.09501872,0.036929205,-0.093028516,0.09417642,0.093460344,-0.031071328,-0.020665612,-0.029349687,0.013943791,-0.040461835,0.0029967453,-0.04354083,0.03227267,0.076798156,0.03164636,-0.15321402,0.07031388,0.015892277,0.058224313,-0.067309424,0.053278454,0.05000088,0.023316741,0.024860626,0.023540644,-0.15178278,-0.049230136,-0.02953714,-0.08012537,-0.14102465,0.12588207,-0.045024205,-0.105264984,-0.019361094,0.05909311,0.05834021,-0.06264741,-0.10266022,-0.17749292,-0.11920825,0.10991526,0.11141152,0.07801314,-0.11223035,0.02254783,-0.023265675,0.15021947,-0.20078893,-0.018463328,0.033080976,0.089938276,0.025733037,-0.01506869,0.004825482,-0.0734753,0.0101469355,-0.0041643786,0.028742453,0.018776355,0.015836898,-0.06580493,-0.055339105,-0.06852757,-0.08389424,0.16665497,0.048508,0.03605487,0.052953046,0.06633325,0.045097593,0.04515717,0.10107659,0.11196954,0.09206225,0.19609532,-0.0015185709,-0.16152744,0.030165806,0.023619719,0.11793709,-0.080050066,-0.06306429,-0.0035670663,0.014115048,0.08294814,0.044763725,-0.03322203,-0.1012567,-0.06407235,0.09183658,-0.38767144,-0.03888328,-0.093456894,0.026661705,-0.015012075,0.04228391,0.03321902,0.019208847,0.040842146,0.012613355,0.0141477315,-0.0145992115,0.07117107,0.13324326,0.021737777,-0.22938706,-0.062558085,-0.08788729,-0.032743342,0.007625145,0.1818429
0.09573487,-0.14464909,-0.028706957,0.0753345,-0.11441893,-0.19690645,0.13051836,-0.050677024,0.004326952,-0.04790936,-0.14092469,-0.0686342,0.18161401,0.071843185,-0.008870448,-0.19953968,0.009694559,0.027884433,0.035332296,-0.16575107,0.010401065,-0.10983345,-0.008485565,-0.08028443,-0.06917021,-0.022118414,-0.0019502139,0.13749625,-0.11928575,-0.11396557,0.056909546,-0.109548904,0.08590335,0.11149262,-0.090205096,-0.08062525,0.074156895,-0.18873438,0.0037838211,-0.07168621,-0.0804895,0.022538662,0.018490082,-0.11519793,-0.006897516,0.039270762,-0.028305434,-0.009838671,0.029197486,0.003960398,-0.06884986,-0.083692014,0.0716371,0.027808864,-0.014448133,-0.07047535,0.12882183,-0.0029670037,0.0016460553,0.025805537,0.042437155,0.104928695,0.048051495,-0.006166783,-0.18454699,0.04116902,-0.0035881258,-0.040564273,0.07481792,0.048470367,0.030058494,-0.13578193,0.12079614,-0.093420215,-0.09086218,0.10427282,0.091482565,0.033315256,-0.18496735,-0.065667,0.013431426,-0.008584163,-0.018128466,-0.12929443,0.20681636,0.02565925,-0.10263929,-0.0013969367,0.10249618,0.19980094,-0.06417946,0.020483218,-0.039078362,-0.024391674,-0.11048208,0.0987638,-0.0838883,-0.066446215,-0.05899105,-0.018278306,-0.064786494,0.14911224,-0.03370162,0.12763146,-0.03817628,-0.052897092,0.15214257,-0.17636877,0.049650364,0.04974763,-0.008233422,0.084526196,0.0757163,0.06208603,-0.0736339,-0.056668837,-0.042431302,0.031206815,0.027797949,-0.08843027,0.060221203,-0.019135306,-0.051400553,-0.057411186,0.039573293,-0.011529819,-0.025905892,0.18715924
-0.072356865,-0.009036738,0.029297065,0.062889256,-0.071529895,-0.041559726,-0.003074622,0.059996244,0.068529435,0.072081424,-0.040123846,0.13471091,-0.0015212976,-0.057165377,0.18759196,-0.15618081,0.06894874,-0.10725865,0.06056886,-0.09306777,0.05746096,0.07514654,-0.08200654,-0.017065616,-0.009998262,-0.0030887781,-0.038774457,0.022991776,-0.07154922,0.040235903,0.050868865,0.04848178,-0.13604598,0.13166116,-0.09876262,0.032523707,0.04407866,0.122240625,0.06908569,-0.010072283,0.058046065,0.0521035,-0.16828638,-0.09351356,-0.00025127718,-0.04302594,-0.14431775,0.083697684,-0.020598987,-0.10980877,-0.0692047,0.10264505,0.007492818,-0.08256087,-0.07258764,-0.122542426,-0.14294513,0.024229305,0.097539075,0.048157685,-0.10168711,-0.014957565,0.025585853,0.09987655,-0.22038773,-0.023847561,0.027144922,0.022163782,0.07263234,0.0017883457,0.015391332,-0.09968226,-0.0053197574,0.005394648,0.024362754,0.01588514,0.030534904,-0.02834005,-0.028199423,-0.086368695,-0.04088203,0.17546621,0.07454343,0.0464928,0.047400683,0.0010720809,0.07186575,0.028780503,0.11920348,0.1670348,0.076060526,0.15120892,-0.041505624,-0.12268776,0.033277895,0.031391125,0.058053583,-0.11034205,0.016288804,-0.059986882,0.03397731,0.17184861,0.07408041,-0.011384674,-0.08587783,-0.107069075,0.07582724,-0.3281434,-0.044239692,-0.059233382,0.05690123,-0.09265366,0.11141794,0.0463348,-0.02381613,0.06927868,-0.02732352,0.09722708,0.039754093,-0.043499906,0.14805889,0.033246834,-0.24204598,-0.043381672,-0.118472464,0.012763674,-0.047840346,0.15707196
-0.08191506,0.050459895,-0.005925696,-0.026626585,-0.035748232,-0.051744904,0.017598007,-0.050558195,-0.012359512,-0.00031933782,0.06625323,0.17364623,0.039790343,0.024498181,0.08291955,-0.100188956,0.16186798,-0.108547896,0.062351484,-0.089108266,-0.04167576,-0.0062102415,-0.07930182,-0.053534582,0.026366154,0.06822468,0.04001536,0.08720972,0.037153732,-0.039119985,0.14859006,0.10651512,-0.14183937,0.012344611,0.054291964,0.19466746,0.016301762,-0.10639524,-0.055633444,0.01290016,-0.037405543,-0.043628532,-0.08436613,0.04440498,0.0691323,-0.11000732,-0.112523116,0.18165296,-0.124896444,0.11215187,-0.03722682,-0.062930614,0.12468954,-0.06450983,-0.07068364,-0.113589235,0.117904685,0.085768834,0.03501571,0.12366845,-0.07681807,-0.027106838,-0.15631261,0.06020446,-0.3041802,0.10061994,-0.029068775,0.04687484,-0.030891038,0.12476565,0.035658203,0.02389919,-0.12526104,0.09987584,0.1058156,0.020759083,-0.027573157,0.018186437,-0.07991191,-0.007086161,-0.08610481,0.06916196,-0.111691825,-0.07005159,0.1314064,-0.095524706,-0.13306777,0.13222675,0.04091213,0.08326785,0.058181033,0.12711082,-0.085016556,-0.09706243,0.0792779,-0.00256308,0.045604147,-0.042348187,0.004831609,0.030904163,-0.010848609,-0.0051401164,-0.009325352,-0.0003826483,-0.12675078,-0.09275691,0.11686081,-0.23698235,-0.05395625,-0.030547993,-0.05851893,-0.038906053,-0.103069745,0.002502521,-0.05592517,-0.06365428,0.15302919,-0.0015799141,-0.07343258,-0.10174706,0.07826093,0.021969521,-0.03248339,-0.10366658,0.018382367,-0.03349919,0.039226007,0.15934978
-0.16013184,0.058379207,0.034112837,-0.21062328,-0.00890462,0.06130963,0.0060061906,0.0072516664,-0.016216084,0.030616358,0.047897864,0.07167062,-0.017125674,-0.08207861,0.092969075,-0.027909143,0.085485995,-0.09508938,0.029859567,-0.018187223,0.058385596,0.11195501,-0.023666937,0.053144038,0.08292151,0.0494085,0.06408521,0.004001991,0.10909351,-0.04554413,0.13987005,0.07672278,-0.13740654,-0.036150426,0.04815116,0.25784343,-0.13502224,-0.023878912,-0.06782829,0.09732806,-0.008819607,-0.02767975,-0.08669917,0.045129813,0.15146783,-0.129898,-0.12995073,0.1908577,-0.07899269,0.0457521,-0.0421386,-0.038945723,0.11495611,-0.054943692,-0.07020531,-0.15263313,0.06798259,0.16961104,0.029313998,0.18045312,-0.07042705,0.0028573254,-0.03088062,0.06968682,-0.143172,0.09266463,-0.041384045,0.03780566,-0.1195051,0.034580633,0.006039991,0.10810624,-0.0844013,0.04547799,0.10760062,-0.0074169314,-0.08273007,-0.001688793,-0.12765914,-0.0007680344,-0.1421895,-0.038627695,-0.09709414,-0.0069924495,0.010646823,-0.060970917,-0.16602546,0.0619322,0.09873238,-0.007868878,0.13521886,0.19182,-0.051299073,-0.04091411,0.12655947,0.061815415,0.061094597,-0.06047928,-0.024667036,0.012660386,0.024784861,0.024678092,-0.018399462,-0.01899212,-0.1824133,0.016719146,0.07462728,-0.23818658,0.042472217,-0.037495486,-0.03105567,-0.020989047,-0.09230798,-0.07322575,0.04308144,-0.0035692626,0.11855923,-0.04657655,-0.09800656,0.073939756,0.09508608,0.08147551,-0.03280178,-0.0052497857,0.033480197,-0.055149626,0.00686147,0.10069964
0.1755414,0.0074606296,-0.04806741,0.10951008,0.019162675,0.037349198,-0.030688817,0.038300667,-0.20218578,-0.012541415,-0.0008583892,0.050526034,0.15325458,-0.12727591,-0.019893575,-0.07035955,-0.093556754,0.019795457,0.15059027,-0.12748413,-0.0066625355,0.03539734,-0.06935153,0.13551976,0.030625379,0.039869197,0.08624966,-0.0030969533,-0.018097816,0.030994512,-0.022821061,-0.14488806,0.011701647,0.11448952,-0.09812491,-0.015032643,-0.038751625,0.06686609,-0.101889156,-0.15835048,-0.10469531,-0.09186316,0.0565092,-0.11821565,0.27526405,0.064947166,0.052337866,-0.01938689,0.19154032,0.033140592,-0.032855414,0.049722385,0.021460159,-0.15859519,-0.10576688,0.07087287,0.023281818,0.04163041,0.0473256,-0.16087084,0.09496849,-0.03474431,-0.02298622,-0.116613686,0.2548377,0.028861389,-0.0053204834,-0.023440478,-0.035405528,0.10817866,0.10522696,0.14526449,0.16662094,-0.07832627,0.05713542,-0.026496083,-0.03047818,0.14356792,0.08937365,-0.03906014,-0.08903109,-0.10744645,0.065032825,0.053341582,-0.11148313,-0.052478686,0.055235293,-0.021018011,-0.017686293,-0.19606598,-0.01359236,0.018490253,-0.01272167,0.021161402,-0.066039786,0.06641566,-0.021489486,0.13843472,-0.089345895,0.10903376,-0.058044057,-0.023789898,0.029140932,0.014870407,0.011023312,-0.08117646,0.05081529,0.1680335,0.020293511,0.04577245,8.950754e-05,-0.09043736,-0.078372836,0.020525932,-0.04257487,-0.015227105,-0.088149555,0.018907363,-0.069439456,-0.12434393,-0.08517811,-0.049466535,0.00637181,0.07587988,0.121541545,-0.008943649,-0.006525179,0.013537571
0.06886099,-0.029654708,0.019236187,0.054870516,-0.087609544,-0.020732904,-0.050682794,-0.0692323,0.024837725,-0.05077048,-0.044295896,-0.021904131,-0.0015296728,0.036286306,-0.1078489,-0.10949427,0.05516617,0.019189447,-0.081272304,-0.1078563,-0.072997764,-0.17606291,0.060186986,-0.09487153,0.072927155,-0.06953609,0.0045793382,0.0603627,-0.12720248,-0.16300319,-0.091444775,0.0760749,0.03687129,0.25081414,-0.040042028,0.012760301,0.068063304,-0.024702458,0.028074952,-0.11087342,-0.010776362,0.12067773,-0.04255296,-0.11379662,-0.035640072,0.009908504,-0.012934155,0.08637589,-0.018565802,0.0667472,-0.039531138,-0.022397991,-0.01687914,0.1323662,0.18233167,-0.05881725,0.20723562,-0.043300647,-0.06937129,-0.115940295,0.04122956,0.07509388,0.2668203,0.030087838,-0.06753322,-0.030088743,-0.09093387,-0.027322736,0.0378645,-0.056521997,0.08195073,-0.0036902002,0.13112539,-0.15201783,-0.16260089,0.111254185,0.0585357,-0.02482448,-0.14070569,0.052917473,0.05798425,-0.13912995,0.021205299,-0.012200336,0.012728903,-0.07222762,-0.067049116,-0.062462624,-0.10042581,0.20420769,0.009724965,0.05941254,-0.0068089357,-0.030072913,0.056625336,0.026916178,-0.0026393216,0.018277576,-0.11627823,0.06644653,-0.03128754,0.07158048,-0.01851845,0.031662405,-0.023374746,-0.08894135,0.080038264,-0.08131227,0.035724465,0.10034912,0.18343103,-0.00016823728,0.13630617,0.1267898,0.11280369,-0.114410974,0.10093825,0.10387044,0.03838466,-0.11877986,-0.05710893,-0.027261332,-0.10267739,0.025678225,0.03837463,-0.08199917,-0.10037646,0.15896162
-0.10536765,0.022143025,0.026400298,-0.14863722,-0.0009474789,0.10194597,-0.01286303,0.020377051,-0.025249692,0.068545155,0.027937528,-0.0040690247,0.007898573,-0.023456512,0.07208509,0.018507004,0.11877171,-0.09344079,0.07303692,-0.053178094,0.158209,0.0122342985,0.08270166,0.023764513,0.030163014,-0.0378094,0.0886777,-0.050646037,0.0030947414,-0.03174866,0.08952948,0.017576365,-0.10912835,-0.032441583,0.029079704,0.16698746,-0.16153103,0.011645777,-0.020010158,0.08023227,0.038158443,0.0030174318,0.0016478349,0.021650806,0.055560015,-0.03911492,-0.15037355,0.15441139,-0.04772539,0.007340811,0.06055172,-0.10917177,0.11348933,-0.0456142,-0.095744416,-0.17801312,0.052155513,0.15498257,0.017895622,0.179177,-0.03517411,-0.02455912,-0.040347997,0.0628161,-0.14105833,0.17156698,-0.07047352,0.029270845,-0.096748546,-0.01748014,0.03540854,0.057914052,0.006332702,-0.036876872,0.15253371,0.02358875,-0.088168815,-0.012838651,-0.16399604,0.02748563,-0.09270243,0.027651366,-0.024632808,-0.04294694,0.077818744,0.04026746,-0.17327887,0.10290623,0.07307524,-0.0053173937,0.16490972,0.21530323,-0.03479092,-0.09682296,0.089104675,0.09056318,0.07646788,-0.15466954,-0.03917261,-0.10548851,-0.03911288,0.03556964,-0.026845511,0.0101214675,-0.168058,0.046723984,0.0272971,-0.32652187,-0.031232024,-0.030588446,0.0037784318,0.060236283,-0.06444643,0.055353854,0.09620903,0.006662906,0.07451762,-0.0012145429,-0.10366156,0.005494067,0.17532638,0.05702893,-0.0072512734,-0.1004867,-0.05231036,-0.09454757,0.0021368926,0.12056164
0.021496693,-0.06807461,-0.038313705,0.007818311,-0.07941074,-0.06534326,-0.014700076,-0.046248756,-0.025707053,-0.002095718,-0.05271148,0.008642585,0.06366816,0.029661415,-0.057088055,-0.13576868,0.1209555,-0.10631457,0.074081026,-0.2199001,-0.0019797867,-0.12436015,0.012415924,-0.10689688,-0.003929514,-0.07241504,-0.01757945,0.08875024,-0.036399398,-0.08868469,0.05034811,-0.10598074,0.04084333,0.12360066,-0.06761998,0.07319506,0.02599585,-0.10003505,0.038670324,-0.0898564,-0.084828496,0.06486397,0.01710407,-0.13737676,0.010079408,0.010384818,-0.122737385,0.077121146,-0.021133332,0.05690826,-0.074233085,-0.085678846,0.032191392,0.012527483,0.0101853395,-0.12143671,0.15146793,0.09540718,0.03456584,-0.07562032,-0.008062639,0.08078798,0.12752654,0.08375866,-0.10847032,0.027406504,0.004731957,0.009037067,-0.056610845,0.0025055995,0.08060396,-0.032328162,0.103377484,-0.12973304,-0.0211333,0.11883086,-0.08665071,-0.06476324,-0.23290977,-0.014231614,-0.12738451,0.042306185,-0.0020508275,-0.06791475,0.072437786,0.008351051,-0.122484826,-0.02891287,0.011229395,0.1718663,-0.028205238,0.10603006,-0.05477611,-0.1520537,-0.020425087,0.1016661,-0.032953344,-0.12799838,-0.04616785,-0.010570981,-0.08015995,0.13071635,-0.03191342,0.13409129,-0.091379166,-0.043158907,0.08178569,-0.3321846,-0.02092697,0.040912505,0.10663127,0.039935123,0.015350924,0.16131856,0.027789501,-0.10374884,0.06999,0.082236715,-0.013747595,-0.06600898,0.077176005,0.025562927,-0.05871379,0.014289987,0.087036274,-0.007442706,-0.060744796,0.2695074
-0.13123502,0.04111057,0.059715733,-0.09701146,-0.10049967,-0.03050831,0.003858393,0.05066241,0.016738776,0.040229805,-0.027471218,0.14267164,-0.039553646,-0.06750638,0.1330414,-0.13764457,-0.016576113,-0.10439736,-0.017120367,-0.070704006,0.010594871,0.077278875,-0.11785436,-0.050868858,0.06849224,0.041914906,-0.012884154,-0.004538989,0.10144461,0.03272299,-0.01841968,0.07110411,-0.09422009,0.113539495,-0.03827256,0.19466703,0.002803928,0.01450094,0.005650415,0.024619399,-0.00044962094,-0.009215975,-0.15936528,-0.059847,0.0199186,-0.13751113,-0.16748579,0.13339297,-0.11638662,-0.061867863,-0.05323929,0.039333247,0.044022188,-0.028349,-0.08196378,-0.1401457,-0.066687375,0.10707296,0.10984431,0.1871613,-0.16370103,0.05003104,-0.016080517,0.09632805,-0.27626583,-0.009916376,-0.054561265,0.09504494,0.023093741,0.12736215,0.059507973,-0.03230041,-0.07545231,0.13076471,0.005364473,0.07280246,-0.091261536,0.10427564,-0.039657403,-0.11624992,-0.067012645,0.15171002,0.019319247,0.05192581,0.0624547,-0.044380058,-0.06143064,0.09194327,0.06762924,0.13942944,0.023516888,0.18513164,-0.053832244,-0.10491635,0.03917418,0.007200315,-0.058564775,-0.06560856,-0.03446308,0.036870837,0.03743937,0.101968735,0.05533126,-0.013722764,-0.114170395,-0.049335055,0.079841964,-0.26454926,-0.0599355,0.0019745165,0.031991202,-0.08200026,-0.021011384,-0.008121305,-0.005681915,0.04722618,0.08623471,0.05486507,-0.051974826,0.026696902,0.07521486,0.09331191,-0.16009818,0.050283026,0.02979246,-0.079510495,-0.019472504,0.16421328
0.0903991,-0.13545649,-0.061201684,0.042452894,-0.096861176,-0.040211905,-0.035149645,0.048150957,-0.055451136,-0.06119028,-0.07081264,0.060267437,0.015154488,0.105326414,-0.25901002,-0.06808708,0.0362682,-0.12279649,0.009986831,-0.12894747,-0.06198527,-0.12591326,0.0087485695,-0.12348298,-0.034919675,0.052892834,-0.035871796,-0.00057158864,-0.0685395,-0.06838967,-0.002015675,-0.056820832,0.055955715,-0.09629718,-0.09058109,0.03102753,0.0703487,-0.15912127,0.0656857,-0.08494882,0.024968952,0.10918159,0.032519553,-0.0070874407,0.0052122027,0.021334264,-0.04197051,0.007216957,-0.15359111,0.10443714,-0.01248232,-0.01135306,0.030253928,0.14828412,-0.05248964,-0.10781486,0.075169094,0.11318917,-0.01699883,-0.0520325,-0.00753204,0.10961721,0.00034088801,0.034068543,-0.1065786,0.09147466,0.016810874,-0.11790551,-0.065777466,0.027926195,0.07575854,0.078054264,0.035204124,-0.025047354,-0.0564811,0.2024508,-0.037248254,-0.014315705,-0.14510255,0.03538601,-0.06133562,0.036732726,-0.05657636,-0.102500066,0.16164874,-0.0859019,-0.19989032,0.025988605,0.00026506052,0.15561917,0.017729808,0.03404594,-0.09311271,0.04267381,0.07282086,-0.0095802015,-0.035130937,-0.10379992,0.13583283,-0.062184066,-0.17516091,-0.1022208,0.0064908555,0.09255543,-0.13564771,0.03893886,0.15978904,-0.07804181,0.01930124,-0.007141852,-0.10955621,0.11424086,-0.07879108,0.1587461,0.009957987,0.08264748,0.08737521,0.21588087,-0.0040236516,-0.08165979,0.010093352,-0.06870649,0.009949703,-0.14490418,0.026997186,0.008872067,-0.16381624,0.11620875
0.016898772,-0.08802019,-0.013419245,0.03750813,-0.06674374,-0.0974948,0.09242765,0.074350074,0.030391796,0.07135917,-0.027248828,-0.0057332297,-0.026557233,0.0031005375,0.019752534,-0.2344965,0.18357013,-0.07598164,0.015765578,-0.14803742,0.06882642,-0.07533059,0.014008934,-0.00888357,-0.07629558,-0.021210872,-0.027419396,0.110465735,-0.14212695,-0.0150408745,0.18216982,-0.0953873,-0.06485101,-0.008824134,-0.071307234,0.027176159,0.022541571,0.008948525,-0.020150607,-0.081837766,-0.091954514,0.11164556,-0.023785517,-0.110390455,-0.02673633,-0.02351539,-0.09645252,0.040985428,0.005359851,-0.043465134,-0.109627694,-0.019162914,0.09149405,-0.026983308,0.038694207,-0.084008515,-0.013204977,0.085538514,0.03837163,-0.012664779,-0.0792456,0.09585008,0.07098565,0.10487955,-0.089330666,-0.05762612,0.06742499,-0.07357312,0.062368017,0.013729157,-0.03057338,-0.041712392,0.045491543,-0.09659251,0.03421007,0.10543941,0.05418261,-0.1275227,-0.17426354,-0.037480608,-0.20492817,0.08208274,-4.4127282e-05,-0.12509617,0.025013624,-0.021709574,-0.0016427964,0.054836072,0.13595855,0.059611965,0.007199179,0.08226613,-0.094193086,-0.08901744,-0.09532268,0.11438761,0.021743963,-0.11498827,-0.0013977458,0.0068154857,0.0046145115,0.1722429,0.02098527,0.09981549,-0.0801309,-0.09910113,0.05284691,-0.4040178,0.020387825,0.0128198415,0.019615518,0.022539416,0.14025697,0.06334461,0.0023572529,-0.12345611,0.11692494,0.10754666,-0.13012181,0.045645155,0.1150687,-0.012621969,-0.05961632,-0.057539035,0.021608137,0.007903207,-0.03226809,0.16528551
0.06726364,-0.18252476,-0.089469746,-0.042197347,-0.04685552,-0.11015414,0.10894457,-0.008000233,0.0009037295,-0.04946763,-0.028845793,0.020156182,-0.00088540587,0.04665411,-0.042272083,-0.15156637,0.13578565,-0.044442467,0.022628898,-0.2259011,0.07818872,-0.09350106,0.03391239,-0.07822712,-0.015676722,-0.03573475,-0.0138492575,0.13569418,-0.0056898315,-0.032188617,0.129365,-0.16514623,-0.013752354,0.07474047,0.09092224,0.083121784,-0.005703644,-0.03252826,-0.022475919,-0.10798867,-0.06967423,0.032805894,0.013755956,-0.092939384,0.022480961,0.017567651,-0.12474926,0.11008865,8.330279e-05,0.02194413,-0.04310524,-0.06765262,0.036623243,-0.013064011,-0.022254393,-0.07775948,0.07697084,0.11630303,-0.01647683,-0.016737819,-0.060865592,0.12981203,0.030106228,0.029075943,-0.06899558,0.06347852,0.006521232,-0.042439796,-0.16377799,0.036090106,0.0699486,0.013547551,0.02466013,-0.13952099,0.06110817,0.106217295,-0.05319841,-0.02211049,-0.15875521,-0.010840157,-0.15971954,0.0067597963,-0.014842583,-0.132954,0.023348039,0.02321152,-0.12043208,0.05008489,0.13070069,0.11602969,-0.073238306,0.10449171,-0.0702748,-0.11955768,-0.0546979,0.044929933,-0.056774657,-0.08015275,-0.0793642,0.03053607,-0.049472682,0.15890536,0.008761607,0.17751707,-0.067647725,-0.014473255,0.08268624,-0.3493199,-0.030481,0.09763079,0.08321553,0.030588316,0.037583496,0.17798866,0.017925523,-0.15312614,0.07228891,-0.06891786,-0.10348939,-0.008455611,0.06855168,0.03046489,0.0043431693,-0.057781223,0.0061731716,-0.020828944,-0.043799613,0.2101093
-0.0379148,-0.050590087,0.008572119,0.071713075,-0.14212753,-0.07832424,0.032585733,0.062652566,0.022055455,0.10160419,-0.036845993,0.17438778,0.01980499,0.027868995,0.06261649,-0.23193853,0.16082953,-0.16723722,0.029246705,-0.112177454,-0.042083897,-0.056342576,-0.0928369,-0.045005526,-0.048983287,0.04484499,-0.0261005,0.08234617,-0.11158793,-0.058297496,0.07809977,0.015032915,-0.106640205,0.116894536,-0.04198745,0.041066926,0.018619565,-0.045956053,0.031585623,-0.06490091,-0.009197947,0.042902604,-0.068107985,-0.08281981,0.050709512,-0.07067389,-0.12506942,0.10900488,-0.040863138,-0.080175616,-0.043765713,0.016015839,0.114503704,-0.080178484,-0.008037578,-0.13892849,0.014112703,0.04118308,0.10083692,0.063317,-0.068912975,0.019993724,-0.014775451,0.11443019,-0.25792855,0.002754844,-0.019507501,0.041132674,0.06454962,-0.007564022,0.049952902,-0.074300066,0.056011945,-0.017387245,0.08368422,0.062289264,-0.014565311,-0.051427227,-0.09558501,-0.029829897,-0.089271635,0.150377,-0.023947831,-0.07235513,0.074555695,-0.030654069,0.01591971,0.055164743,0.045298956,0.1214756,0.0082705915,0.13025226,-0.06844405,-0.10910798,0.0176256,0.12962449,0.0038367377,-0.10316046,-0.015690118,0.029213203,0.009478908,0.1381156,0.0052851974,0.02722659,-0.039698914,-0.10945016,0.13312192,-0.34753212,-0.05435165,-0.0466041,0.034913033,-0.044436306,0.06696579,0.098895505,0.015630435,-0.06448924,0.04180611,0.08070363,-0.05872367,-0.112389326,0.099996015,-0.0032115697,-0.21489963,-0.058126096,-0.040273577,-0.033393253,0.02006703,0.2305294
0.020647062,-0.07712112,-0.0025281205,0.07549141,-0.07126903,-0.03142133,0.0008962563,0.040070698,0.0059420574,0.0053860173,-0.060164217,-0.04935501,0.02503695,0.079220966,-0.17701903,-0.11990628,0.054609936,0.0760584,-0.079221025,-0.15107054,0.012114352,-0.05950771,0.006068081,-0.09653836,0.047923468,-0.01599865,0.06590291,0.046161674,-0.06142971,-0.070372425,-0.098416544,-0.04268791,0.09148615,0.17847799,0.0067693195,-0.010550569,0.0155467205,-0.08868048,0.020484403,-0.106923014,-0.15771773,0.14244899,0.0072823125,-0.18094324,-0.04547878,0.004282203,-0.0035009016,0.06436806,-0.076425076,0.048038524,-0.10845935,-0.104390375,0.031438515,0.10782164,0.11858336,-0.07606171,0.17054138,-0.039161693,0.036661007,-0.11392459,0.032530494,0.10417857,0.21273914,0.084432,-0.0458227,-0.08780506,-0.020841464,-0.033209443,0.06309153,0.016999025,0.11195849,0.07572965,0.119217575,-0.14189495,-0.08743924,0.07460501,0.02697143,-0.057019066,-0.21473575,0.0144981425,-0.028003696,-0.11047727,0.053885814,-0.0943994,-0.03201557,-0.004442358,-0.019206244,-0.04970594,-0.095826656,0.10944016,-0.08565686,-0.010272125,0.03506118,-0.022365196,-0.03474175,0.09747483,-0.057040427,-0.061701346,-0.13464627,0.13982199,-0.029665299,0.08108739,-0.013195737,0.031157546,-0.032339238,-0.033567224,0.045486666,-0.1839395,0.0100012515,0.15214658,0.122061245,0.00035909307,0.122599274,0.102794535,0.14469288,-0.10581968,0.13301478,0.11608082,0.046539403,-0.007407447,-0.0019144636,-0.0025445677,-0.06070318,0.16993125,0.11739136,-0.011942909,-0.13283092,0.19492105
-0.010600188,-0.10591735,-0.07301883,0.002249343,-0.12826934,0.007105506,0.017069876,0.10272095,-0.015163253,-0.025962226,0.012196445,-0.041443497,0.062196895,0.085214294,-0.35678527,-0.045424134,0.014283531,-0.0699999,0.031257365,-0.13461259,0.029265445,-0.03232291,-0.015925393,-0.028099932,-0.034781884,0.03255044,0.09115542,0.009652776,0.02100979,0.006914691,-0.035392217,-0.018654658,0.09763307,-0.040868588,0.087034255,0.08987707,-0.0664561,-0.07128659,0.036174305,-0.011850867,-0.13528557,0.15381944,-0.010787854,-0.12859873,0.05243455,-0.10007829,-0.040705256,0.10466831,-0.19418055,0.07483713,-0.07253387,-0.116932005,0.0767515,0.03817783,-0.07176501,-0.10826015,0.023310669,0.088226534,0.003150905,0.039590903,0.019349301,0.09754784,0.06853814,0.031576633,-0.0076308893,-0.029448336,-0.025727466,-0.14149857,-0.060516246,0.041672472,0.05417822,0.14243796,-0.028707426,-0.064704314,0.056100182,0.027225785,-0.03228512,-0.015260263,-0.24264176,-0.076610185,-0.051304914,-0.007012487,-0.071419135,-0.028583277,0.032135867,0.14937986,-0.20391752,0.13125692,-0.007855155,0.103299,-0.10349753,-0.01653956,-0.027122645,0.011141162,-0.0027881623,0.013880949,-0.11673624,-0.20787348,0.027312554,0.07382738,-0.10448663,-0.037936267,0.0097723985,0.03859547,-0.108992025,0.05427652,0.03933404,-0.23478124,0.014348306,0.15851949,-0.02751765,-0.061979204,-0.01079609,0.010314237,0.08501726,0.03903258,0.1112761,0.15058812,-0.077781394,-0.0076807314,0.083902955,0.08279651,0.102201305,0.014246091,0.031934876,-3.5681165e-05,-0.17871599,0.11974528
-0.0678597,0.03869679,-0.025637105,-0.1322543,-0.061583977,-0.062397044,-0.016110878,0.012710429,-0.057661623,-0.06356645,0.008960119,0.11160628,-0.01917494,0.024375334,-0.024356326,-0.057695646,0.0816553,-0.15003805,0.066320516,-0.045321204,0.029967967,-0.09091051,-0.021253712,-0.005875378,-0.023679193,0.035143815,0.03848705,-0.020955566,0.053192586,-0.06641242,0.08879131,0.06806029,-0.01692873,0.021501938,0.008501455,0.20233686,-0.08146106,-0.056689784,-0.019603575,-0.003293479,0.0076603885,0.05340726,0.01436463,-0.014668755,0.13059057,-0.11299493,-0.10512022,0.23162635,-0.13819204,0.0012649444,0.0039707692,-0.039589968,0.13436137,-0.0017059039,-0.08405091,-0.1916359,0.084249265,0.11485265,-0.040861975,0.17399359,0.015367479,0.028847734,-0.12146889,0.041089572,-0.26469463,0.10702919,-0.101617746,0.04949726,-0.07208823,0.026582377,0.06661958,0.07784836,-0.10357289,0.023272414,0.09575938,0.07649249,-0.08670743,0.04879503,-0.14149378,0.010553734,-0.052300803,0.060115207,-0.16049321,-0.049587075,0.10290835,0.0070054564,-0.18775643,0.1557043,0.052496295,0.10852351,0.053103622,0.1690829,0.013068293,-0.12282466,0.10914578,0.06093339,-0.004678043,-0.13470866,-0.035531115,0.028282283,0.003963716,0.021031078,0.04391936,-0.02260589,-0.13538387,0.024848279,0.13533564,-0.24361461,-0.048274294,-0.022243045,-0.06838489,-0.0011893787,-0.070950925,-0.009340912,-0.0090809325,0.057057377,0.15341367,0.10313072,-0.09281609,-0.076819465,0.039070178,0.07620161,-0.052889235,-0.10197664,-0.023543257,-0.024928227,-0.03628703,0.12655821
-0.098460354,0.039174784,0.022280997,0.005897403,-0.084642634,-0.04100777,-0.025028866,0.052327752,0.010234927,0.010613413,0.012918025,0.14623724,0.029245116,-0.045528572,0.047997195,-0.16107409,0.19480002,-0.10228152,0.08137078,-0.1286416,0.045129124,-0.06411429,-0.047587108,-0.08261468,-0.07092798,0.054992393,-0.022558466,0.056229196,-0.029576654,-0.039755072,0.081847906,0.02859854,-0.073482074,0.06319144,-0.035698414,0.14552902,0.0147705525,-0.03962767,-0.027448516,-0.037129674,-0.026659977,0.022956345,-0.074107446,-0.019612268,0.018852446,-0.12574278,-0.14808948,0.1580135,-0.08378185,-0.026656903,0.0010303747,-0.037875537,0.15405741,-0.06431942,-0.06549446,-0.1048464,0.051329847,0.07363254,0.0532555,0.10554922,-0.05418511,0.013911768,-0.11886438,0.0804091,-0.2881096,0.03405149,-0.028754292,0.032715313,0.016741717,0.040474106,0.044664457,-0.037384674,-0.04131324,0.034200307,0.076359496,0.070787035,-0.023950083,-0.037116744,-0.13018212,-0.04405831,-0.08918716,0.16511582,-0.078031495,-0.041246247,0.10004273,0.01927852,-0.011989401,0.12127622,0.050598204,0.086600184,0.03169883,0.1378627,-0.04163747,-0.19502531,0.049328115,0.067508586,0.079402074,-0.10281819,-0.056390546,0.02470041,-0.036817204,0.09344217,0.024172805,0.07823642,-0.10542191,-0.09891863,0.110700846,-0.34346333,-0.056657393,-0.060579237,-0.0053213397,-0.021427844,0.0020630213,0.049385495,-0.028896306,-0.050133016,0.11338896,0.06983697,-0.10909976,-0.09029992,0.075802885,0.008882446,-0.16460627,-0.1513766,-0.0043908563,-0.045159865,0.033042677,0.20256154
0.013830133,-0.0036441672,-0.018380903,-0.016356826,0.043418385,-0.13089511,0.022713998,-0.004402102,0.056812305,0.044505928,0.032278914,-0.02831351,-0.077120185,-0.022809843,-0.041318122,-0.10329357,0.15159622,0.0087171495,-0.051479485,-0.14846127,0.019107666,-0.054632574,0.026899565,-0.11410995,0.054353587,-0.080224015,-0.062031377,0.0603069,-0.017837215,-0.0968672,0.09088441,-0.056041554,0.0043521263,0.18190295,0.02142805,0.08550322,0.012443947,0.045886178,-0.0336603,-0.11249821,-0.138475,0.07381333,-0.06922279,-0.07998454,-0.031701684,-0.014612618,-0.07259061,0.06779157,-0.0122928815,0.0804238,-0.09946506,0.017241452,-0.00022059868,0.07456834,0.19001614,-0.09273984,0.19210832,0.063800566,0.03470069,-0.12690328,-0.029885726,0.06709972,0.209578,0.06628676,0.005518363,-0.03638858,0.027682766,-0.06859227,-0.025120763,-0.052550476,0.081409246,0.014033586,0.07964405,-0.13919413,-0.03159222,0.041171502,0.009839286,-0.08019825,-0.15998985,0.051496565,-0.14623491,-0.047826324,-0.022553835,-0.06647838,-0.043345556,-0.13133274,0.053843353,-0.123184636,0.030337766,0.10562189,0.021129658,0.08948379,0.026378864,-0.070664875,0.002139158,0.11915795,0.030647332,0.038626015,-0.1322448,0.12672897,-0.092635445,0.20207058,0.03101089,0.089610346,-0.12034113,0.00622993,0.032403942,-0.24453379,0.088082254,0.08573193,0.23407,0.025643567,0.107508905,0.05551898,0.068074375,-0.15618922,0.12797108,0.063118935,-0.01629566,0.02096496,-0.04302112,0.0053379396,-0.05405167,0.11675749,0.08769839,-0.017196858,-0.0880461,0.20579517
-0.13459295,0.101966284,-0.010571751,-0.19281383,-0.032331426,0.0007112305,-0.014510886,-0.010010381,-0.01568474,-0.12662856,0.061711904,0.021596935,0.014238109,-0.0075085512,-0.058706988,0.03991544,-0.04430893,-0.06447868,0.016498713,0.041405685,0.0043166196,0.010482831,-0.107706495,-0.036445297,0.039755784,0.018109944,0.057385847,-0.05697824,0.122172765,-0.008371273,0.03561932,0.13345619,-0.0063961353,-0.011897308,-0.031903625,0.25800517,-0.060115647,0.03210346,-0.035463903,0.04287699,0.037304994,0.080542505,-0.023418857,0.0047505875,0.14592855,-0.15946293,-0.08291939,0.22144295,-0.20327644,0.06560486,-0.00054116023,-0.00079190376,0.12923302,0.0027642974,-0.081398234,-0.11186271,-0.03325594,0.088404216,-0.112096146,0.16313528,-0.01806934,-0.012953787,-0.06536772,-0.05494449,-0.19633526,0.020337658,-0.09245338,0.021002006,-0.11433483,0.073102124,-0.019120337,0.09652846,-0.22163601,0.11871366,0.010234507,-0.009620264,-0.10063718,0.1295701,-0.11672195,-0.04549267,0.0013531543,-0.043044932,-0.16960122,0.058041252,0.06041967,0.012316011,-0.27273396,0.12704635,0.028090317,0.12972146,0.033571146,0.07991477,0.032228664,-0.029027993,0.15822141,-0.06440862,-0.04185997,-0.11935094,-9.152182e-05,-0.005593689,0.021736173,0.02907241,0.01655851,0.026041178,-0.13982792,0.0557508,0.04264684,-0.067025386,-0.026458144,-0.024309525,-0.12028957,-0.07850348,-0.056890506,-0.09722866,-0.04781153,0.16737252,0.054841578,0.038937416,-0.04545042,0.037051566,-0.01854311,0.14026773,0.055076197,-0.0053243283,0.032706827,-0.007407458,-0.08295427,0.03915711
-0.13796155,0.085806124,-0.038498282,-0.12417782,-0.00083739305,-0.002829485,-0.07511538,-0.03543639,0.049577996,0.096385576,0.036512844,-7.558049e-05,-0.09181073,-0.026046755,-0.12545493,0.0071805934,-0.01269544,-0.032142587,-0.03200546,-0.08219711,-0.022166116,0.08419422,-0.04622642,-0.018957023,0.027420016,-0.020454234,-0.092425875,-0.09451858,0.020260891,-0.16690649,-0.02217892,0.10888872,0.014509495,0.06409167,-0.13822629,0.102111936,0.035773896,0.039868455,-0.029599773,-0.047095332,0.043104433,0.11894272,-0.141233,0.07710606,0.032684274,-0.16461767,-0.01030267,0.011363509,-0.13731278,0.082804605,-0.16245073,0.006757171,0.085927054,0.1181286,0.15938108,0.069206275,0.21746433,-0.017332684,-0.052087788,0.02285849,-0.08400562,0.11887553,0.17673004,0.1712192,-0.033572264,0.09732821,0.028527763,-0.14803524,0.001232779,-0.05760156,0.05701978,0.046422184,0.14069065,-0.06929699,-0.029823277,0.004558056,0.045169882,-0.0020531535,-0.09411311,-0.005838944,0.01589938,-0.0955747,-0.15096016,0.085401766,-0.08082776,-0.07278868,-0.0016917317,-0.1593783,0.00036973302,0.12252301,0.09558534,0.05725347,0.0035362379,0.06198011,-0.0077669653,0.11739373,0.087911434,-0.11047741,-0.045665253,-0.014550058,-0.068683684,0.12454674,-0.06523609,-0.10958028,-0.10636841,0.06867476,0.08212334,-0.08464666,0.14860906,-0.009026422,0.038831905,-0.00979199,-0.0153196575,-0.04720304,0.026485378,0.08307104,-0.033719614,0.11598933,0.0073273727,0.10414456,-0.119945616,0.013014661,-0.17912613,0.1582745,0.055210546,0.0070005325,-0.19829205,0.15723112
-0.036004562,-0.042918526,-0.0017319242,-0.14161114,-0.07009437,-0.050848696,-0.05308101,0.031708423,0.030532418,-0.042118143,-0.06493051,0.11513917,-0.034785334,-0.07637143,0.11527876,-0.09525541,-0.031892467,-0.124548435,0.03263674,-0.013453124,0.14130548,0.08489813,-0.027107744,-0.021593014,0.0023627738,0.008384631,-0.049110606,-0.007604906,0.05596678,0.046097554,0.007211354,-0.014352635,-0.08703632,0.1601638,0.024259273,0.16979398,-0.091244325,0.108899616,0.06548175,0.029147107,0.021339042,0.07323552,-0.16325133,-0.06648062,0.014651177,-0.09235778,-0.11680453,0.16646327,-0.11162998,-0.14057812,-0.110880174,0.067568965,0.04860197,0.0106622,-0.14181495,-0.14881498,-0.11170711,0.1742483,0.073757984,0.11819146,-0.042164005,0.08768465,0.0013928884,0.07224675,-0.22325927,-0.13345104,-0.0029214914,0.03784989,-0.06670982,-0.044638436,0.06681647,-0.04817813,-0.037131432,0.025163705,-0.078513175,0.057091,-0.12444402,0.027162882,-0.09718804,-0.057970773,-0.04565291,0.09334687,-0.0015334326,0.089782424,0.05547896,0.07511519,-0.044256236,0.08397823,0.07089393,0.14572617,0.047337506,0.20925729,0.015891355,-0.04536292,0.07931569,0.025257658,-0.017046323,-0.12825458,-0.09786374,-0.02678597,0.022196315,0.13105012,0.0800749,-0.008506896,-0.12170059,-0.04895081,0.10990329,-0.28350127,-0.057850033,0.028200576,-0.0072885486,-0.073649205,0.06116783,-0.013866217,0.04882297,0.106683545,0.060136177,0.0613737,0.010963339,0.05705585,0.07250923,0.04530669,-0.15373899,0.0045864126,-0.029239254,-0.016549153,-0.0917919,0.18873301
-0.11029091,0.033456057,-0.007601676,0.060983278,-0.11416161,-0.074006714,-0.003956176,0.045885507,0.0067746644,0.059625108,-0.0152375195,0.20719384,0.04046738,0.02337529,0.053179428,-0.20919923,0.10238052,-0.11797451,0.039441757,-0.112984456,-0.10217372,-0.058858234,-0.12909564,-0.02404894,-0.030033529,0.043854836,0.040482324,0.050645147,-0.07446237,-0.08330146,0.056219283,0.06334029,-0.059024878,0.07202386,-0.05677152,0.09664472,0.02155517,-0.07617546,0.029220149,-0.07755184,-0.008511701,0.043063384,-0.067074895,-0.06892612,0.061031714,-0.138978,-0.11394412,0.13062888,-0.092566386,-0.05821564,-0.007570201,-0.012375747,0.1345474,-0.07270108,-0.05187946,-0.13076094,0.045875777,0.0012749921,0.074987486,0.06843377,-0.02532205,0.00046079778,-0.06516544,0.105024375,-0.2969214,0.07175712,-0.08902965,0.064743005,0.07257022,0.08499286,0.06431448,-0.06584416,0.006750652,-0.012795752,0.062402524,0.07215131,-0.0063114753,0.005368125,-0.05028391,-0.032275643,-0.032964434,0.1450911,-0.111311115,-0.047492627,0.109139405,-0.0015199784,-0.07057667,0.124400936,0.00838533,0.122847654,-0.002631527,0.11661595,-0.027407883,-0.1455654,0.08553784,0.07081027,0.037924476,-0.1318833,-0.032507747,0.021439848,0.014173615,0.07368068,0.009000235,-0.020927398,-0.05183164,-0.089559056,0.13536963,-0.29748136,-0.09123503,-0.05302261,-0.019204782,-0.072247215,-0.021199469,0.09227156,-0.053990856,0.018789763,0.077500165,0.12741862,-0.025777068,-0.16738224,0.07788802,0.015749456,-0.21973152,-0.018981902,-0.045761142,0.017643742,-0.034520693,0.18416318
0.09523559,0.040278144,0.023265839,0.19369358,-0.0031237272,0.061649583,0.013102569,0.050675064,-0.11875278,-0.0073970775,0.024324719,-0.005545624,0.1784638,-0.14540435,-0.052417863,-0.037187446,-0.06167342,0.05876071,0.05539212,-0.08046,-0.057569772,0.046934184,-0.120303825,0.11006989,-0.018109765,-0.014400686,0.14747958,-0.006904658,-0.09636247,-0.003751229,-0.042674117,-0.085287705,0.017238555,0.028080003,-0.15773511,-0.028576924,0.05407722,0.009012666,-0.1634961,-0.16420536,-0.10601899,-0.065826096,0.057862297,-0.12000819,0.27136412,0.018010268,0.10736175,-0.0670618,0.18384466,0.020197533,-0.0011266887,-0.0032502993,-0.037517324,-0.16981642,0.011507834,0.07085261,-0.035879225,0.01654018,0.08498238,-0.1466306,0.045670316,-0.020117419,0.009389621,-0.068561494,0.2657293,-0.03139465,0.03224248,-0.0012690744,0.076668054,0.108310424,0.016234115,0.13481914,0.12175064,-0.08861824,0.051162627,-0.08086963,0.052371804,0.070153415,0.04664133,-0.118379205,-0.053190153,-0.077740185,0.023277517,0.09177316,-0.15093523,-0.035479646,0.076158926,-0.03951948,-0.032704167,-0.22549328,-0.069008686,-0.03051163,0.035062585,0.0039528543,-0.08533539,0.058753733,-0.005802102,0.18181019,-0.096480444,0.10959115,-0.007822207,-0.058266047,0.020874768,0.043677013,0.029872747,-0.06579454,-0.01850527,0.16986303,0.017558571,-0.0073388363,-0.0031220908,-0.047924716,-0.088306405,0.007774906,-0.08598995,0.01847268,-0.082837105,-0.039066922,-0.0597705,-0.057763956,0.022643311,0.039904356,-0.021382807,0.14101638,0.16060491,-0.062068183,-0.074864626,0.010366887
-0.04270056,0.010345773,-0.012286577,0.0065089944,0.018838884,-0.077308096,0.005335028,-0.027502296,0.04587754,0.02419444,-0.0335383,-0.055739533,-0.07744978,-0.04545712,-0.11327843,-0.14329419,0.07766369,0.024037136,-0.10005759,-0.0983182,-0.04183393,-0.042794973,0.040120117,-0.036147423,0.068389446,0.014462995,0.05637638,0.025035098,-0.08399609,-0.076640055,0.064723864,0.0070284386,0.010734234,0.13365461,-0.068096764,0.05443329,-0.037244257,0.052395757,-0.0568554,-0.0143565135,-0.19617248,0.062271122,-0.10069052,-0.12311232,0.019857893,-0.039268587,-0.0614299,-0.0023616813,0.023781579,0.10917762,-0.18957609,-0.06268098,0.054748196,0.026300412,0.1898915,-0.036197286,0.2140394,-0.012987847,0.04879844,-0.107639045,0.0104708895,0.04999592,0.18329802,0.08768287,0.021038018,-0.08344432,0.04340385,-0.06917555,-0.0064859292,0.034503557,0.035590682,0.03813888,0.132731,-0.079889454,-0.058441408,0.057057254,-0.0075845923,-0.1523685,-0.15434465,0.040026296,-0.216301,-0.123365015,0.0021986512,-0.14697449,-0.09830694,-0.09550861,0.065617576,-0.09722531,-0.09026377,0.018403888,0.024181059,0.05504517,-0.06819951,-0.044789165,0.014476637,0.14009131,0.08423397,-0.008103506,-0.11817093,0.12651823,-0.052749198,0.10374249,0.07545477,0.041751005,-0.06565482,-0.060733978,0.030798959,-0.25042185,0.06975613,0.066580005,0.10479134,0.078600705,0.0284476,0.011195226,0.063735746,-0.15041904,0.19443579,0.05181424,-0.027629128,0.05138359,-0.041356027,-0.029947318,-0.049745925,0.15888938,0.17496134,0.007533578,-0.10613414,0.16682775
-0.06080852,-0.029596157,-0.08861066,-0.030511044,0.021663351,-0.033108518,-0.01668303,0.0044475934,0.008657428,-0.0073944475,-0.06305056,-0.056698825,0.029721916,0.02604908,-0.14481626,-0.046384465,0.011476109,0.06048393,-0.03291571,-0.085902534,0.12692158,0.009588906,0.07959018,-0.016223378,0.016494475,-0.02929734,-0.042024434,0.051880002,-0.04093631,-0.06615071,0.010843787,-0.049003303,0.1069518,0.19445643,0.041585874,0.110976696,-0.07261064,0.047364645,-0.0014157529,-0.04090509,-0.18822296,0.13132021,-0.11300535,0.0033225988,-0.05772371,-0.055785064,-0.021826066,-0.004261594,-0.05040722,-0.02364762,-0.19008286,-0.055761598,0.06488193,0.029071128,0.15323626,0.035712875,0.2412299,-0.03854343,0.032706495,0.035843838,0.023922829,0.11587313,0.1980799,0.07117931,-0.089710645,-0.029465612,0.038121533,-0.045475096,-0.0162794,-0.11879817,0.1333194,0.01936338,0.16611837,-0.12961386,0.0047745286,0.074854665,0.031933006,-0.049218297,-0.23913464,0.010001458,-0.026889184,-0.11036848,0.03149842,-0.06743437,-0.019915484,0.037683394,0.05259172,-0.14970237,-0.008820778,0.04376002,0.0010266013,0.01804946,-0.0004271019,-0.011737548,-0.04920187,0.15353033,0.0010308289,-0.12901196,-0.14074968,0.10232698,-0.054639693,0.14874269,-0.029642418,-0.1318947,-0.0684667,0.02591863,0.06961724,-0.19917516,0.03468638,0.10331402,0.07312915,0.05389422,0.10593943,-0.067779146,0.15386342,-0.044315808,0.045202047,0.067896076,0.034890857,0.098406635,-0.046668116,-0.010792393,-0.1551963,0.17563519,0.05437216,0.017749717,-0.13332541,0.19747561
-0.0339292,-0.053847414,-0.02307606,-0.04593594,-0.009347139,-0.03133005,0.07071781,0.022049874,0.04714716,0.17887706,0.04636441,0.07966815,-0.051778015,-0.036318105,0.16862544,-0.15475602,0.17151938,-0.12925045,0.034953117,-0.017650595,0.04824026,0.09353501,0.011687819,0.06532268,0.047574516,-0.014340897,-0.025782928,0.06531965,-0.035789818,-0.027293187,0.20794754,-0.015950229,-0.19084111,0.009974868,0.008760013,0.10637989,-0.082307905,-0.012437695,-0.07722133,0.07477104,0.009855161,-0.030066513,-0.08321535,0.0318656,0.08869559,-0.009838282,-0.10618623,0.097389616,0.029852523,0.023834921,-0.061561186,-0.021146242,0.060732644,-0.11267987,-0.00093436945,-0.111577585,0.030094571,0.13615826,0.14957087,0.09903126,-0.06700002,0.015244527,0.061253633,0.06602988,-0.08311953,0.020937733,0.033671528,0.033676177,-0.04174409,-0.046823487,-0.037668083,0.014273044,-0.0027934301,-0.012221596,0.16541937,-0.03013353,-0.02459065,-0.10391024,-0.09609009,0.020076998,-0.24099763,0.016612267,0.025040653,-0.10011538,0.026509658,-0.13235343,-0.0062974016,-0.02510917,0.16656733,-0.040385846,0.10781263,0.17423671,-0.14612663,-0.07202507,0.034498103,0.13837592,0.01214459,0.021861702,0.02663415,-0.0021762978,0.045582738,0.08125351,-0.01035888,0.03272756,-0.118029855,-0.07285367,0.10218859,-0.36003673,0.032408927,-0.05627553,0.014810238,-0.053881247,0.002822241,0.015763707,0.09261854,-0.16944638,0.10124235,-0.054418787,-0.11621316,0.053586535,0.1422562,-0.002234196,-0.07365379,-0.016185658,0.028037332,0.009403547,0.08417438,0.13746986
0.11124987,-0.11097461,-0.011943247,0.02641253,-0.053347133,-0.20943505,0.0912646,-0.14570539,0.06042034,0.13319588,-0.109711066,-0.06351282,0.0058034644,0.04804282,0.08481465,-0.2463346,-0.12946735,-0.06335271,0.018808886,0.00699652,0.091281466,-0.00656173,0.07777036,-0.052418854,0.03114063,-0.076070815,-0.050878406,0.11038174,-0.023537165,-0.03630998,-0.06882705,-0.047660686,0.019024283,0.20255196,-0.014385743,0.028920509,0.024160929,-0.04164675,0.016208485,0.0058385306,0.031020127,0.036082167,-0.019279078,0.005511236,-0.01205204,0.07680164,-0.088776454,0.021666164,0.026036642,-0.07406977,-0.030016618,0.006985536,-0.055969503,0.016386902,0.032369085,-0.06666689,-0.041600663,0.11945087,0.090756014,0.10525662,-0.042398207,0.14957605,0.12686835,-0.017004939,-0.13842565,-0.10803216,0.059230085,-0.0031494396,0.06618698,-0.018516703,-0.072364226,-0.20556219,0.05738155,0.035647936,-0.15249667,0.03852737,-0.019464407,0.10022648,-0.15647954,-0.035261717,-0.053673152,0.030544125,0.12150595,0.01415554,0.19367027,-0.09058382,-0.03428283,-0.104397476,0.13081713,0.28346008,-0.037523985,0.10479095,-0.08720439,0.031474072,-0.055939216,0.15569918,-0.1706959,0.11792216,-0.11443748,0.009321616,-0.038169846,0.13556303,0.031334966,0.10177345,-0.08450371,-0.06397115,0.09794037,-0.12065409,0.017476076,0.06190939,0.08193868,0.030663515,0.083049655,-0.010449629,0.019174403,-0.029754754,0.026537232,-0.049243774,0.03348947,0.0038911006,0.12260074,-0.0046387524,-0.024058795,-0.00151385,0.08876278,-0.05178262,-0.0043631834,0.14161782
-0.06244589,-0.08084025,-0.00074077677,-0.059628364,-0.04589184,0.027855957,0.031703383,0.097118355,0.0139430165,0.0923529,0.055339206,-0.00081840204,-0.05820709,0.012220138,0.03166707,-0.009571964,0.13602301,-0.12514716,0.0028497053,-0.056684837,0.052428704,0.118467435,0.0018940653,0.13873279,0.056118302,0.07659268,0.03772233,-0.009740186,0.012997005,-0.013265659,0.19407687,0.010355826,-0.12393728,-0.2557931,-0.055373047,0.16010411,-0.058548775,-0.042461503,-0.10529584,0.080483526,0.00031210462,0.08111148,-0.08288186,-0.008416704,0.14416525,-0.10518797,-0.080895506,0.038278203,-0.08307343,0.051493216,-0.071867995,-0.022471044,0.086752355,0.016602837,-0.068429925,-0.043856874,-0.069360316,0.17211163,-0.0052618617,0.07880322,-0.14110963,0.04349012,0.05901069,0.09056434,0.0056629763,0.060199913,0.06305379,-0.12749691,-0.08285917,0.045883637,-0.022701578,0.17600681,-0.056075748,0.04882598,0.08306949,-0.019323446,-0.028924577,-0.0889596,-0.109424524,0.003812109,-0.20259355,-0.046600413,-0.06054975,-0.033665147,-0.03506508,-0.06347644,-0.14336118,-0.028539049,0.14431371,-0.04068,0.1440965,0.09017219,-0.11772799,0.1007697,0.04663949,0.013238821,0.015311822,-0.045092337,0.18218541,-0.080487326,0.014179494,-0.041933183,-0.010759865,0.025263166,-0.17210698,0.04891724,0.1309984,-0.23549527,0.100757614,-0.06922623,-0.121353716,0.029743472,-0.07106771,-0.013976432,0.029324744,0.03539705,0.10430919,-0.050706204,-0.1638654,0.23354836,0.09635695,0.023693632,-0.022198228,0.011425395,0.01209846,0.02592369,0.013728406,0.030857055
0.013685603,-0.004334321,-0.029538764,0.052564193,-0.07211045,-0.09449676,-0.034418058,-0.042592105,-0.0010146807,-0.005148117,-0.05818811,0.017626917,0.020518534,0.016223757,-0.08613982,-0.1505779,0.06951982,-0.07280084,0.010387459,-0.18135634,-0.03338828,-0.1297054,0.02312082,-0.13841666,-0.008035773,-0.05137569,-0.032237593,0.10475809,-0.0925186,-0.10662007,-0.035149276,-0.09198112,0.08506989,0.2212246,-0.076303944,0.05555433,0.05622131,-0.041944917,0.0779866,-0.13797666,-0.07588805,0.12663679,-0.011340803,-0.17764968,0.0015839138,-0.03418636,-0.0501898,0.114408836,-0.02062259,-0.0013498651,-0.06298479,-0.014211949,0.04830506,0.061430268,0.0780862,-0.069562115,0.12947895,0.02851205,0.011910446,-0.10322233,0.016756289,0.07267681,0.14891456,0.07899654,-0.13011523,-0.025862722,0.0022710713,0.011719584,-0.021139111,-0.027638765,0.11428249,-0.075840436,0.11871131,-0.13488223,-0.08632094,0.1470372,-0.044165414,-0.03600817,-0.20494634,0.0028160952,-0.017496316,0.0155880395,0.005317889,-0.03883385,0.07200542,0.02151774,-0.047149908,-0.062619425,-0.077091835,0.19604684,-0.013500505,0.113961875,0.03300469,-0.123472735,0.003203792,0.10294361,0.011429139,-0.11650898,-0.10744277,0.015048754,-0.07233469,0.19314161,-0.04863484,0.07160929,-0.06869887,-0.0621295,0.067622036,-0.24280562,-0.019669315,0.056987967,0.13506362,0.04076261,0.08335888,0.12453177,0.04753859,-0.0686236,0.05199034,0.12230459,0.04940995,-0.078665346,0.03285249,0.003476892,-0.110737726,0.027163198,0.06357919,-0.035575654,-0.12768947,0.25441018
-0.011102899,0.018034859,-0.022437591,0.013925869,-0.028594466,-0.080869734,0.047864348,-0.05436454,-0.0031739485,-0.039572857,0.061856415,0.12717794,0.10338331,0.06312306,-0.023575556,-0.10890312,0.26229265,-0.050022535,0.051089782,-0.16645122,0.005323816,-0.04981163,0.02878697,-0.035609305,-0.07825212,0.12500535,-0.0073596155,0.14743781,-0.014519208,-0.0145553155,0.14028804,0.03330138,-0.075303204,-0.05578026,0.073484935,0.12757781,0.019831382,-0.18110768,-0.094995424,-0.010515555,-0.06631602,-0.005818348,0.007877023,0.111606725,0.03447235,-0.04963398,-0.034012683,0.06593944,-0.06904641,0.1010767,0.0031784717,-0.128644,0.058779318,-0.030752858,-0.036149412,-0.050796576,0.15639798,0.10256873,0.032693643,0.04265705,-0.07153815,0.04780081,-0.15618315,0.0067663663,-0.2250322,0.11347226,-0.009519078,-0.031471036,-0.040612366,0.049148794,0.003915491,0.03575479,-0.06676615,0.08629988,0.12125013,0.030699363,0.016212735,-0.11376185,-0.08742654,0.046482157,-0.12822567,0.051152762,-0.027246943,-0.15100321,0.12845296,-0.13303217,-0.057109013,0.069797784,0.09073181,0.014034275,0.0057885884,-0.017695198,-0.08472026,-0.05091658,-0.07590129,0.046004146,0.060290925,0.01794857,-0.039601862,0.08074492,-0.033698604,-0.035266478,-0.041649755,0.050158277,-0.14247485,-0.1221995,0.10854296,-0.17511551,0.009834703,-0.04593665,-0.051350854,-0.007796806,-0.115301095,0.00883375,-0.02932168,-0.25434548,0.19105971,-0.083484486,-0.13316517,-0.120914936,0.10266274,-0.01056253,0.018623473,-0.14618409,0.07311778,-0.05307392,0.11363004,0.12981686
-0.04648347,-0.024295982,0.047563653,-0.022905264,-0.0608538,0.030225178,0.0014534773,0.054485854,0.06903689,0.17693406,0.021049423,0.08767497,-0.014198099,-0.053332575,0.23617853,-0.14861128,0.05438773,-0.15225418,0.0208018,-0.056671377,0.041010834,0.09565492,-0.11589147,-0.02746708,0.08528508,-0.06161723,-0.05842698,-0.002942274,0.028661348,0.0780758,0.0736951,0.01687771,-0.20167948,0.066623226,0.0090928795,0.115804315,0.014579668,0.031777088,-0.019324271,0.09631872,-0.019634513,-0.03147872,-0.16924053,-0.030061604,0.05433267,-0.070567474,-0.15829283,0.06930092,-0.0072219977,-0.035093028,-0.06811806,0.10380839,0.05479713,-0.10115179,-0.03831902,-0.119432114,-0.09843292,0.12023315,0.14684048,0.10622007,-0.19636226,0.035349075,0.047001988,0.08423964,-0.09272173,-0.061374433,0.070878014,0.04858467,-0.018391596,0.04774427,0.0024737036,-0.041104753,-0.047341168,0.107293606,0.09259029,-0.033891894,-0.016870076,-0.024377964,-0.03818974,-0.10410071,-0.18890046,0.13147295,0.008827784,0.09621607,0.029232234,-0.028038174,-0.03002526,0.0065860916,0.107366055,0.05908899,0.044889916,0.17710236,-0.10973453,-0.05222475,0.053866904,0.036183875,-0.038692128,-0.0039564096,0.021752363,-0.02627568,0.03511221,0.116171196,0.030654563,0.03756319,-0.09871564,-0.07333733,0.0770444,-0.3899184,-0.048726924,-0.03068755,0.026616665,-0.060953725,-0.019806318,0.018853676,0.01537864,-0.008761705,0.059361633,-0.07054818,-0.059810214,0.08850041,0.110346474,0.038501803,-0.13557754,0.017756162,-0.020801505,-0.02184352,0.07545539,0.19071205
-0.0031362565,0.013646664,0.032889247,-0.041968297,-0.1980254,-0.16535059,0.047401596,0.06637286,0.05478153,-0.077668585,-0.016729208,0.13785715,-0.09095397,0.08664025,-0.007531052,-0.15299498,0.06380236,-0.06667637,-0.044083294,-0.06944655,-0.026049178,-0.044878367,-0.056436144,-0.11117254,-0.015423398,0.14605048,-0.034026697,-0.0046057175,0.0063384874,-0.060784046,0.03145766,0.15094125,-0.014638301,0.09139835,0.023192225,0.107931696,0.089455746,-0.016070966,0.03749603,-0.17046058,0.057681687,0.1252822,-0.020127775,0.017312188,0.025250511,-0.11127282,-0.04177389,0.0696225,-0.22496593,-0.05921299,-0.052541047,0.10174363,0.034345366,0.07387472,-0.04458796,-0.07425386,0.034202166,0.022423504,0.037105527,0.038238253,-0.06844909,0.109902896,0.013577759,0.15294601,-0.3495622,-0.012598732,-0.07825827,-0.032906972,0.05390506,0.111432515,0.07831665,0.009701362,-0.10641838,0.04362558,-0.10006455,0.09064962,-0.0056132944,0.08121051,-0.07813022,-0.011105264,0.006197931,0.07378022,-0.14085807,0.0031631764,0.08604852,-0.10518728,-0.07923678,0.09908442,0.12063859,0.21372293,0.07839375,0.009163386,-0.037078507,0.017797614,0.026450908,0.015566471,-0.07183957,-0.025274286,0.019967083,0.05063779,0.08806002,0.06869161,0.053238273,-0.050846975,-0.14195964,-0.08755419,0.16960327,-0.075548545,-0.04419344,0.0019932294,-0.02970258,-0.08810102,0.015878018,0.026579052,-0.049938966,0.14042307,0.09453407,0.17128962,0.0338897,-0.08915849,-0.09091528,-0.04122698,-0.16524318,0.008355917,0.012819192,-0.015912952,-0.07603223,0.096609145
0.057118677,-0.08501093,0.02586426,0.09355934,-0.074289374,-0.07720111,0.038377617,0.022971934,0.020095658,0.0115039125,0.04714941,0.08267831,-0.011357239,0.013490434,0.11023468,-0.17112571,0.17593557,-0.046169877,0.029063731,-0.14517449,0.017559702,-0.10854964,-0.031930916,-0.10805767,-0.058828246,-0.060422715,-0.021309266,0.084825404,-0.040292624,-0.052702118,0.14929008,-0.040204104,-0.14077221,0.091498785,-0.0021039764,0.024041466,0.11435935,0.06109284,0.018864434,-0.11263681,0.058215477,0.07479634,-0.075941816,-0.14128686,-0.03594637,0.018686563,-0.12031003,0.12421999,-0.04018076,-0.043019142,0.05702515,0.09849352,0.043343637,-0.06005483,-0.0013705547,-0.063259564,0.017269613,0.051397603,-0.018494507,-0.025828993,-0.11068241,0.067431025,-0.012092358,0.06067539,-0.21104874,-0.004646758,0.011744184,-0.044752523,0.04743426,-0.07075463,0.00797006,-0.10265808,-0.056517016,-0.05865499,0.046063248,0.07156654,0.045612413,-0.050114498,-0.030019728,-0.0472423,-0.08694972,0.15719646,-0.050311126,0.026253551,0.04622713,-0.030425597,-0.020870827,0.097161286,0.15835604,0.15708353,0.08032592,0.10006706,-0.075484455,-0.12830095,0.009136923,-0.01486387,0.028908962,-0.03540532,-0.03727344,0.0016886886,-0.021499302,0.16225134,0.05875035,0.14261205,-0.102448344,-0.05655252,0.036869843,-0.35376164,-0.045281816,0.0027858918,0.13948128,-0.019108707,0.12260545,0.18869208,-0.11298268,-0.056528702,0.11906962,0.028655877,-0.06375806,-0.05896912,0.091426395,0.037410285,-0.12936191,-0.115792535,-0.13383849,-0.02575571,-0.014682925,0.17262152
-0.026988814,-0.06181884,-0.0042791367,0.10845158,-0.055951703,-0.076298244,0.007916001,0.029665219,0.05629457,0.0036444932,-0.050137028,-0.12883417,0.055290725,-0.00012605241,-0.123463444,-0.17818333,0.05850112,0.0718012,-0.085461035,-0.15488183,-0.05942616,-0.10170534,-0.016541986,-0.10197944,-0.0077078743,-0.021109644,0.047722075,0.06593014,-0.07483417,-0.059650015,0.03140903,-0.06700369,0.08314075,0.029117659,-0.08736463,-0.019302297,0.04208993,-0.09387923,-0.038385164,-0.09850213,-0.17012887,0.11912006,-0.018634811,-0.22573625,-0.07166924,-0.07332529,-0.07145019,0.01991843,-0.07914879,0.110720575,-0.114312984,-0.13586573,0.099632874,0.01841488,0.09807487,-0.05070122,0.1330096,-0.05478282,-0.0033299115,-0.14832687,-0.008348431,0.012487032,0.19935904,0.10109185,-0.015854975,-0.12666707,0.026960662,-0.075101286,0.017769206,0.10749132,0.010126716,0.07603961,0.06964347,-0.13984932,-0.111275725,0.056741703,0.03181084,-0.047478653,-0.20566805,-0.009190129,-0.15590537,-0.0920131,-0.033597622,-0.12580873,-0.03331586,-0.035026718,-0.046536986,-0.036048286,-0.086673014,0.09417926,-0.063237414,-0.056801416,0.013194054,-0.027142975,-0.074800804,0.068701364,0.020176187,-0.06043154,-0.07094099,0.07825654,-0.03521884,0.116787,-0.014264988,0.099871375,-0.0064213895,-0.05132478,0.054168362,-0.23500912,0.06486917,0.097545974,0.113344714,0.069238,0.051394705,0.11490545,0.046321012,-0.112973586,0.13407332,0.08886887,-0.03886157,0.049154315,-0.026813053,0.010426573,0.029098853,0.16401972,0.111185275,0.042247653,-0.11976355,0.18796849
-0.13452874,0.065701075,-0.05423835,-0.09372951,-0.017307943,-0.026401874,-0.09917788,0.050165582,-0.016343482,0.07190981,-0.022564333,0.072780505,-0.014428844,0.019688081,-0.072110154,-0.112036906,-0.006402652,-0.04621525,-0.03766682,-0.026002638,0.11282787,0.0004890144,0.017435918,-0.06861042,-0.00461859,-0.011597926,-0.041628458,-0.077513486,-0.050610337,-0.06758748,-0.077105775,0.074150614,0.028037451,0.14295341,-0.054052643,0.07878623,-0.057225212,-0.0061038635,-0.05302234,-0.041503374,-0.105623536,0.058841225,-0.14447792,0.018799337,-0.01293388,-0.19995473,-0.023349836,0.05938176,-0.16534804,-0.08286425,-0.11943458,0.020942155,0.14536303,0.053637028,0.08733851,0.0006006048,0.19422801,0.0031971075,0.07651137,0.09421308,-0.08358608,0.09932825,0.038312398,0.1504072,-0.24939431,-0.021126015,0.022712562,-0.0020260538,0.105515875,-0.035305347,0.14279701,-0.040412612,0.062147737,-0.018742379,-0.007842294,0.06949241,-0.032578688,0.008777974,-0.1949913,0.02461048,0.0019140304,0.036757205,-0.06906177,0.034783963,-0.0022859294,0.026798643,0.022503838,-0.096411526,0.012144865,0.12410101,0.04760593,0.15723808,0.048725687,-0.09751267,0.010779075,0.13159941,0.020525467,-0.15034643,-0.06361914,0.04219071,-0.08417405,0.15300617,-0.010165813,-0.109055035,-0.10571574,0.01777645,0.07616589,-0.2645906,0.11525307,-0.0026849706,0.060335066,-0.068385765,0.04188991,-0.06052629,0.09617082,0.014118711,0.034129024,0.14528005,-0.06069341,0.017037656,0.032322757,0.011801015,-0.2207837,0.06956965,0.027703442,-0.0045682844,-0.14360338,0.22026835
-0.04539984,0.035704277,0.15219815,0.14199618,0.067006834,0.10242311,0.098738514,-0.0010784625,0.030931298,-0.07321143,0.0041353647,-0.042635545,0.15786171,-0.10877433,-0.06945882,0.07318478,-0.013945867,0.048162587,-0.08683773,-0.0070698573,-0.06756782,0.12266556,-0.11064511,0.16973919,-0.0491865,-0.01680973,0.19062003,-0.024443187,-0.16445024,-0.08657059,0.0450999,0.014204817,-0.10132664,-0.13047785,-0.12916209,0.029912245,0.00039977336,-0.12970044,-0.13607925,-0.03753403,-0.024973817,-0.06869143,0.06937735,-0.058986694,0.15262881,-0.073664956,0.09322853,-0.018743223,0.1668331,-0.023803648,0.01396915,-0.14670935,-0.075029604,-0.15893486,0.038602497,0.0144196525,-0.14734699,0.046353556,0.088941164,0.025495717,-0.009927699,-0.03550243,0.074908465,-0.0045687826,0.22399126,-0.058610126,0.1051739,0.05830198,0.03069364,0.062682554,-0.1337743,0.043611962,0.031368688,-0.014265968,0.004663854,-0.10596241,0.03407768,-0.1035358,-0.008493764,-0.14307648,-0.017917495,-0.08257913,0.025661599,0.06370865,-0.121491574,0.0144579355,0.04941596,-0.022544807,-0.13511036,-0.17813896,-0.072894044,-0.0076204697,0.08280364,0.012802711,0.01109066,0.07005343,0.023320233,0.1084856,-0.062820636,0.05966749,0.06576435,-0.11206316,-0.037278175,0.044124786,0.016972022,0.04561604,-0.15748903,0.021767313,-0.08165685,-0.06706187,-0.08505566,0.061943613,-0.06830617,0.08924585,-0.0530404,0.018163126,-0.001241929,-0.16313969,-0.016996393,0.115728624,0.18971671,0.06267199,-0.035548363,0.13050334,0.104893096,-0.1119991,-0.068303354,-0.063245
-0.02184399,-0.054214593,0.0701911,0.0476033,-0.13521257,-0.061151497,-0.034439445,0.05037233,0.111690015,0.13400504,0.0025691837,0.07995939,-0.07578444,-0.03657163,0.14679675,-0.18979625,-0.027423918,-0.13785288,-0.06094976,-0.015216471,-0.0666083,0.028230852,-0.18354787,-0.14461975,0.0009554229,-0.06320884,-0.10097925,-0.013210077,-0.01912989,0.0378526,-0.016602077,0.06329279,-0.15132286,0.10584396,0.041937307,-0.012493227,0.08726577,0.07775601,0.13315706,0.03651105,0.044631854,0.024829268,-0.18998508,-0.0053923856,-0.02479924,-0.067784585,-0.10250125,0.07778553,-0.05596517,-0.021634383,-0.10429311,0.15443146,0.012006769,-0.027138932,-0.008208643,-0.110276684,-0.101327255,0.04275112,0.16078618,0.11833499,-0.23739569,0.073937595,0.08022951,0.08124558,-0.051225025,-0.15659913,0.10546914,0.06976419,0.049057942,0.059215296,0.0235801,-0.13025181,-0.06546722,0.09305298,-0.02475579,-0.033289105,0.029838564,0.034841646,-0.065179095,-0.15221198,-0.10509295,0.18375497,0.022737056,0.11517904,0.08310056,-0.05500367,-0.01948088,0.010739382,0.016152712,0.20408337,0.007919513,0.10421562,-0.067903385,-0.036189295,-0.021514677,-0.022520175,-0.10171624,0.0075612245,-0.016595015,0.03689595,0.04924359,0.057809792,0.09958705,0.0136602055,-0.043186806,-0.08026424,0.08781473,-0.2566632,-0.09404526,0.03282455,0.07443072,-0.071535796,0.010094531,0.0023711454,-0.031312354,0.07812319,0.0037609113,0.013708884,0.10029645,0.07511629,0.09360871,0.04406829,-0.18049352,-0.008408434,-0.01106272,0.01776001,0.036458194,0.11216265
-0.029153125,-0.09037503,0.039300255,-0.10839235,-0.027307848,-0.06812521,0.040835276,-0.024604399,0.08635953,0.24019933,-0.014407413,0.04721385,-0.09251629,-0.066518,0.16824348,-0.12726986,-0.11185437,-0.12710664,-0.025023406,0.023162203,0.1178199,0.111687005,0.005380239,0.001223113,0.059515864,-0.09296245,-0.11141033,0.026098,0.019143865,0.0041012554,-0.084635146,-0.025328526,-0.11492187,0.026091183,0.018707054,0.10149354,-0.07896523,-0.018583184,0.04045372,0.113477916,0.026390372,-0.06311113,-0.18636557,-0.014301194,-0.0076930737,-0.010896106,-0.10511086,0.030322488,-0.03450148,0.014662029,-0.07517429,0.061380096,-0.00800372,-0.0067173047,0.01713917,-0.08625528,-0.0107774185,0.17068216,0.1553033,0.14733587,-0.19044226,0.057828132,0.113813184,0.075258106,-0.046701968,-0.08598436,0.054125525,0.041705232,-0.027319945,0.034648858,-0.0301286,-0.07851059,0.023011355,0.07408101,-0.09042738,-0.031125475,-0.045039956,0.020473035,-0.11736325,-0.058638006,-0.15856713,0.08621258,0.04248917,0.07485468,0.0547277,-0.07671336,-0.079336986,-0.10131381,0.11980763,0.17843582,0.06460757,0.18707436,-0.1430208,0.023821952,-0.05550396,0.092781894,-0.09699621,0.12190167,-0.05026953,-0.037543077,-0.0633826,0.05773849,0.0005957058,0.02978849,-0.15922901,-0.012276581,0.08047109,-0.23582026,0.08696024,0.01913152,0.116008006,0.015245716,-0.033862237,-0.09389468,0.04773252,-0.006925872,0.004963037,-0.12580775,-0.022735845,0.14919867,0.1313116,0.083212495,-0.07227175,0.033052713,0.095681794,-0.021472251,0.0233792,0.16462268
-0.09906484,-0.032256752,0.052395582,-0.016857207,-0.018432915,0.053008508,-0.079294294,0.067242034,-0.0025173752,0.09359361,-0.039242193,0.16046876,0.004281693,-0.115743846,0.17571181,-0.1421705,0.048702817,-0.14114581,0.04934439,-0.059611067,0.06266205,0.06402968,-0.0166208,-0.02748416,-0.011849178,-0.015779437,0.0030124048,0.012998221,-0.0010369753,0.04002693,0.038196016,-0.03792348,-0.15672536,0.03470514,0.04102213,0.1357913,-0.09969754,0.013833243,0.037543785,0.041447476,0.020879645,-0.059095684,-0.10350455,-0.069173865,0.014150288,-0.04649584,-0.18676038,0.1640226,-0.028088342,-0.069150604,0.022847239,0.007823283,0.04234477,-0.097851284,-0.119332924,-0.20363115,-0.10558424,0.1195273,0.11996543,0.11659176,-0.10468628,-0.0067213513,-0.07102105,0.06385432,-0.1923041,-0.01414601,-0.0018639442,0.15718935,-0.016441977,-0.03099728,0.028216902,-0.011608746,0.010518407,0.028161006,0.05212481,0.03930248,-0.043717876,-0.07720483,-0.05039335,-0.07318591,-0.10513807,0.19030757,0.053036124,0.036906175,0.046672493,0.07803668,-0.017657774,0.07943916,0.043086767,0.044964444,0.023138242,0.21037535,-0.0025994983,-0.16701336,0.06384603,0.015609878,0.089431085,-0.100118846,-0.07919877,0.0038068164,-0.030290287,0.032830596,0.018165965,0.029920762,-0.09875492,-0.020576414,0.06179863,-0.38264838,-0.052784264,-0.07724852,0.04504801,-0.031988442,0.032126345,0.029687641,0.040700763,-0.0033037139,0.07432284,0.0111798085,-0.042225517,0.020973403,0.1632725,0.040314432,-0.15086679,-0.07430241,-0.06501041,-0.055448182,0.0215511,0.1787436
0.10106678,0.028951941,0.055563368,0.2090811,-0.0003306431,0.031763565,0.048689134,0.03252251,-0.105606236,-0.051868122,-0.011030121,0.014226422,0.15883166,-0.12579982,-0.069325835,-0.013176088,-0.05129606,0.09437003,0.038884476,-0.13093437,-0.052711338,-0.003114525,-0.07964185,0.1276958,-0.038809426,-0.013565835,0.13507304,0.012736886,-0.13980216,-0.040912062,-0.04061419,-0.07645818,0.054047775,0.07529975,-0.14311785,-0.04652768,0.036925297,-0.03868026,-0.115104154,-0.17401901,-0.078197345,-0.04697435,0.097068325,-0.1237001,0.25440612,0.02838858,0.119078346,-0.071518384,0.19764048,-0.0019366998,-0.007708785,-0.0097445045,-0.05557826,-0.1221359,0.045249328,0.061549064,0.002243487,0.0574124,0.08378704,-0.16363159,0.06636969,0.0020657836,0.01070124,-0.058396485,0.24900535,-0.028012976,0.04534874,-0.005068064,0.10540518,0.08903739,0.023288807,0.12214097,0.13820668,-0.113943875,-0.0019211831,-0.06021442,0.037226584,0.006163331,0.024334477,-0.1030653,-0.032952983,-0.08030585,0.04121528,0.05732455,-0.13306779,-0.03189775,0.07064364,-0.036916643,-0.083101295,-0.20580235,-0.07482059,-0.020765696,0.08276417,0.0008778803,-0.05729198,0.066120975,-0.004076232,0.20129663,-0.14244524,0.16292387,-0.021906685,-0.09177856,0.04158203,0.053808726,0.009926518,-0.07393357,0.01600406,0.16323565,-0.0013664338,-0.004993297,0.027420072,0.0044862847,-0.09218558,0.03387714,-0.062909186,-0.0050162342,-0.045691486,-0.048524737,-0.02413871,-0.07380297,0.027384695,0.04891779,-0.024479194,0.11897088,0.15193638,-0.09201102,-0.0809566,-0.0098068565
-0.011744564,0.04032214,0.014713022,-0.12653235,-0.13479063,-0.09344964,0.02056297,0.030386938,-0.03377067,-0.17770188,0.0004592845,0.06717523,-0.08939981,0.0776567,-0.120229624,-0.06552875,0.10000742,-0.06379932,-0.00034436246,-0.040645346,-0.010590032,-0.12814796,-0.023853615,-0.023960093,0.049959026,0.14425525,0.014684404,-0.033016745,-0.01601084,-0.13519996,0.0674128,0.15809044,0.021689106,0.033518277,0.02065794,0.17630993,-0.01381883,-0.052135587,0.057227023,-0.078238435,0.0044236756,0.11958232,-0.012364558,0.06624173,0.097241014,-0.09684431,-0.041361194,0.1064024,-0.19450262,-0.03477532,0.0007113103,0.047142103,0.08802241,0.09335532,-0.03562523,-0.115774274,0.15711702,0.037309136,-0.09156019,0.11771813,0.05408757,0.07435232,-0.060205158,0.053668696,-0.2836599,0.10100836,-0.16970511,-0.04206832,-0.02786362,0.04310913,0.08790139,0.13314275,-0.051705383,0.043223638,-0.0421177,0.102310136,-0.037311614,-0.015028174,-0.17320234,0.07331923,-0.024178864,-0.062494624,-0.091117896,-0.11640629,0.13846698,-0.083553106,-0.16970673,0.100130804,0.028988129,0.10372195,0.14903948,0.08893355,0.01849533,0.0353957,0.08648695,0.05227489,-0.015813053,-0.09369239,-0.006161288,0.017644761,0.054299403,-0.04512525,0.05664614,-0.033396874,-0.19504495,-0.0071530584,0.14403972,-0.04570828,-0.038341172,-0.013836848,-0.12410922,0.036976423,-0.076652505,-0.027436005,-0.0017330742,0.12255133,0.11746838,0.116999656,0.0018629262,-0.10022306,-0.05150183,-0.07839753,-0.08969882,-0.092547245,-0.030876338,-0.031592567,-0.11340554,0.02123148
-0.06828741,0.05077256,-0.034397095,-0.12077355,-0.074624054,-0.07426588,0.059904825,0.02683154,-0.058312673,-0.10378055,-0.00033073503,0.061116114,-0.044758525,0.099605456,-0.067029804,-0.055373684,0.11488359,-0.12955657,0.06005364,-0.0771221,-0.043464452,-0.12546007,-0.04956462,-0.025118936,0.026093872,0.036604434,0.045734372,-0.0255753,-0.016455954,-0.09777099,0.109781295,0.10960919,-0.0039426587,0.019158583,-0.045661546,0.19235022,-0.030694705,-0.051272765,0.008582333,-0.05631352,0.011212735,0.10326316,-0.0148872705,-0.010435508,0.14952886,-0.09145953,-0.09927605,0.15694243,-0.16245341,0.03570623,-0.020836575,-0.016548207,0.10714164,0.02172679,-0.051518857,-0.13375872,0.14276052,0.038863152,-0.1303223,0.123005725,0.020023467,0.033229332,-0.0301154,0.032882895,-0.22827788,0.16847448,-0.11066791,-0.02181831,-0.098182835,0.038022652,0.085240096,0.11794975,-0.03433947,-0.023239855,0.048601992,0.061985396,-0.02676127,0.025047291,-0.16745266,0.07648274,-0.048322905,-0.047441456,-0.15369691,-0.09985913,0.11291532,-0.054872163,-0.21100609,0.13790788,0.029727817,0.12727262,0.094171636,0.1672608,-0.027957471,-0.0253744,0.12380355,0.06561079,-0.004941294,-0.13612132,-0.018738128,-0.026093455,0.03648139,0.026765846,0.016199078,-0.0033509359,-0.1484076,0.028999554,0.16632643,-0.21043709,-0.028298467,-0.029515183,-0.11506994,0.032163933,-0.082771264,0.027747063,-0.021788182,0.13231227,0.08710872,0.11068395,-0.022072306,-0.077404,0.005038372,0.012961243,-0.06737638,-0.10370306,-0.054942407,-0.022338366,-0.083133504,0.11268747
0.1471877,0.030621376,0.04579692,0.12350894,-0.027673805,0.02511472,0.073447905,0.047728635,-0.14726542,-0.048161715,0.0012376669,0.111890845,0.12534314,-0.12653619,-0.02476402,-0.09350294,-0.03415412,0.06443067,0.099865764,-0.13686895,-0.055102643,-0.044321194,-0.059984665,0.164115,-0.007588478,0.047385972,0.11627112,0.027419092,-0.08097081,0.003037026,-0.011131553,-0.12175076,0.015562072,0.108958215,-0.086790785,-0.0011002284,-0.070057064,0.019340893,-0.11358888,-0.19850911,-0.06901736,-0.06175952,0.0376087,-0.12600699,0.25007758,0.049921524,0.05708441,-0.0153131485,0.1857991,-0.0012227827,-0.05436423,0.03625548,9.646542e-05,-0.1343868,-0.030895237,0.061027184,0.052160818,0.07881842,0.07298449,-0.107898146,0.06746379,-0.018536707,-0.04531467,-0.07674076,0.201957,0.036877062,-0.039558735,-0.00078487577,0.02499495,0.077081874,0.077028684,0.17365053,0.19984686,-0.102519095,0.004189951,-0.003644925,-0.026618613,0.051058624,0.101155154,-0.03071355,-0.09425516,-0.088620104,0.09991516,0.046895687,-0.14322712,-0.054808028,0.09416367,-0.027039992,0.0060561025,-0.18949656,-0.023623534,0.03912052,0.026299804,-0.018081822,-0.062855944,0.062090565,-0.035227396,0.17789294,-0.16342315,0.19516343,-0.037497517,-0.08601926,0.009746136,0.026164467,-0.028044887,-0.094397224,0.08175487,0.1455443,0.02723587,0.061825387,-0.010099401,-0.032272615,-0.103841245,0.036764994,-0.022684159,-0.03474863,-0.01417212,-0.016757328,-0.08105311,-0.13872305,-0.06076499,0.009161366,-0.03074201,0.04358698,0.13687392,-0.1284046,-0.03082332,0.010380003
-0.105975576,0.0963069,-0.0047753686,-0.1543328,-0.068254426,-0.03043234,0.004718308,0.013213669,-0.045724012,-0.19445617,0.044049755,0.028321417,0.0040574167,0.025123097,-0.09191543,0.029553907,-0.05018076,-0.0351883,-0.005420967,0.00013551854,-0.050017696,-0.044088844,-0.13628615,-0.05404456,0.019649621,0.027507527,0.04951731,-0.06420024,0.073118776,-0.030087048,0.02459643,0.14285989,0.05648491,0.011909062,-0.0412478,0.22153507,-0.00727177,0.056090955,0.031071896,-0.03060732,0.036652762,0.13751082,-0.02606849,-0.016202493,0.13790372,-0.14822896,-0.062067956,0.20143525,-0.19923778,0.04689673,0.009118011,0.064356364,0.1290952,0.027994871,-0.063132174,-0.094675176,-0.009763553,0.0443353,-0.1635017,0.14876524,0.014114564,-0.01020334,-0.041752428,-0.07110328,-0.18159768,0.021427797,-0.13358957,-0.0020443257,-0.09457991,0.078466594,0.020743938,0.08853063,-0.17855917,0.07086845,-0.027184343,0.0006195975,-0.08286135,0.12638848,-0.08686913,-0.02010421,0.040724445,-0.059775323,-0.16835213,0.044174835,0.081498675,0.038644064,-0.24939613,0.16620307,0.014602166,0.1778123,0.027787257,0.0648216,0.06276659,-0.00047781167,0.14574572,-0.07620051,-0.07409308,-0.13521932,-0.022173952,0.00064236287,0.06499703,0.05007744,0.053840112,0.016773345,-0.111845545,0.047631223,0.062283948,-0.02119932,-0.0716596,0.013299212,-0.13605689,-0.05290981,-0.058691695,-0.07830193,-0.09408972,0.2330429,0.03607656,0.09354022,0.009386989,-0.029601568,-0.062348142,0.076083586,0.014154037,-0.014185787,0.00030101123,0.0060419734,-0.11821583,0.007554116
-0.09868082,0.04229962,0.0017172834,-0.1898978,0.008214409,0.01808851,-0.014983968,-0.030524826,-0.060604893,-0.016264575,-0.0029849357,0.06958971,-0.0086711645,-0.058221105,0.091361836,-0.059396513,0.012701118,-0.14034261,0.07394711,-0.005415592,0.047536273,0.0358185,-0.02056542,0.038970508,0.05470852,0.00645134,0.0414338,-0.011500917,0.09507034,-0.010571142,0.12177326,0.0062792418,-0.067107834,0.0062799407,0.050125737,0.24875067,-0.14220472,-0.062870994,-0.05211048,0.07760541,0.0073927725,-0.04279636,-0.041406542,0.014210612,0.12623496,-0.105052285,-0.14230242,0.23044641,-0.061706968,0.05861554,-0.025040865,-0.06673773,0.10732355,-0.064623505,-0.1327421,-0.19864535,0.030695116,0.20475233,0.012907959,0.18627107,0.0017521674,0.00032766393,-0.0666347,0.008114971,-0.17550263,0.094866075,-0.02010083,0.075193375,-0.13452864,0.03445192,0.019064846,0.13459952,-0.10995454,0.04374379,0.09380139,0.027419046,-0.12593736,0.050011724,-0.11087544,-0.008739277,-0.110641636,-0.0034238116,-0.11240942,-0.044101913,0.047111478,0.028183796,-0.20528555,0.11406341,0.03155072,0.03211535,0.0466629,0.22059844,-0.056498945,-0.07157378,0.13225506,0.012898402,0.018165067,-0.12029468,-0.028806586,-0.024132526,-0.0009406425,-1.0481483e-05,-0.0045969808,0.018014072,-0.1473445,0.024508247,0.0950075,-0.2599056,-0.054802302,-0.03947413,-0.068922326,-0.034215663,-0.083095215,-0.018899197,0.026273035,0.037902772,0.11373683,-0.004385212,-0.06541097,0.04106083,0.08163458,0.09085474,-0.0038148784,-0.0700192,0.033960238,-0.039857328,0.005265393,0.12279842
-0.09034053,0.085564636,0.017943902,-0.118602104,0.0038180703,-0.052143887,-0.049081553,-0.046712875,-0.017847555,-0.041887417,-0.004731328,0.1653335,0.028103372,-0.031760678,0.029632663,-0.06757686,-0.0039203507,-0.077144876,0.053427685,0.019433256,0.05793427,-0.07755517,-0.004164688,-0.09474367,-0.04078883,0.050366156,-0.005077669,0.026079401,0.10172198,0.023865156,0.069109894,0.03533724,-0.01364693,0.017309017,0.04956666,0.18842071,-0.08895782,-0.063960336,-0.029775212,0.041524075,-0.02016808,-0.023688635,-0.036237806,0.021244558,0.05925109,-0.13581473,-0.10381806,0.25944006,-0.15145227,0.038246527,0.015289099,-0.04836741,0.1292712,-0.03900174,-0.15640563,-0.14006786,0.04236353,0.11034554,0.006354224,0.14141105,0.0035388295,0.001496632,-0.18629062,0.008374817,-0.29776964,0.043973897,-0.06825105,0.07206084,-0.04832498,0.08148217,0.021743856,-0.0065801297,-0.17377603,0.091283366,-0.018240184,0.033825595,-0.1117131,0.07714241,-0.07157701,-0.0394037,-0.04192719,0.10855028,-0.15236384,0.0054342668,0.11421982,0.0066490313,-0.21265662,0.13160625,-0.0041724793,0.13596609,0.024401676,0.1621802,0.09316111,-0.18726537,0.10386106,-0.05349083,0.03760856,-0.06884444,-0.09299673,0.014199571,-0.048947405,-0.029855737,0.020217432,0.049733415,-0.120403394,-0.03914035,0.08664368,-0.15197834,-0.011643252,-0.062060766,-0.063424855,-0.04386971,-0.1142761,-0.027572162,-0.024617964,-0.01550091,0.1487941,0.025778323,-0.086213194,-0.02161272,0.027785074,0.11972048,0.030727489,-0.10626855,0.040134,-0.0057158717,-0.026733154,0.14040269
-0.14939754,0.12627335,-0.015029066,-0.10616201,0.05969212,0.09068488,-0.13305195,-0.0534646,0.039187066,-0.010610422,0.12201171,-0.14458942,-0.011841415,-0.0007350601,-0.21731639,0.060616482,0.060171492,0.025569526,-0.04370209,-0.053995892,0.031930078,0.036288075,0.01186766,-0.0040576146,-0.032994546,-0.0051040608,0.023754098,-0.055880323,-0.049775746,-0.08191145,-0.043416526,0.07717027,0.0712831,-0.10828497,-0.13549228,0.09707274,0.066384315,-0.015462484,-0.05778474,-0.08181456,-0.06691496,0.17269665,-0.020459056,0.08526595,-0.14453226,-0.17691271,0.038527187,-0.15141003,-0.15972517,0.13160044,-0.05706269,-0.06936136,0.048453435,0.009393791,0.15190235,0.0864995,0.1294073,-0.11537018,-0.105974,-0.006559947,-0.08578686,0.05617397,0.13385426,0.15325502,-0.035252035,0.06781643,0.063329116,-0.12305816,0.01567927,-0.0027759334,-0.013484737,0.09038537,0.10823167,-0.11788996,0.010270743,0.03997335,0.019946959,-0.017811174,-0.22090255,0.021991037,-0.045485564,-0.1301,-0.06805246,0.07145771,-0.05147689,-0.0060327444,-0.04266433,-0.17928936,-0.07450895,0.112462066,0.11345884,-0.023517108,0.016917774,0.024533393,-0.040094677,0.11070526,0.07161549,-0.1501283,0.0015591474,-0.07231438,-0.05997681,0.09011454,-0.0722518,-0.11622058,-0.06292364,0.05982375,0.08946809,-0.096243545,0.10416067,-0.0038358865,-0.015879428,0.12552233,-0.051787023,0.012590173,0.06529716,-0.02106672,0.0007495052,0.069421835,0.017408649,0.06743054,-0.05856543,-0.010446774,-0.057137657,0.11112403,0.05715612,-0.015006949,-0.17916505,0.17701577
0.11713891,-0.1725807,-0.01158379,-0.0018012935,-0.0474033,-0.18771374,0.18688472,-0.10821188,0.024848029,0.056243412,-0.07738589,-0.015219709,0.045982774,0.04486075,0.112134345,-0.16177773,-0.029261792,-0.054211874,0.00842146,-0.052741278,0.1473024,-0.011348216,0.07926543,0.0591562,0.0025169146,-0.04350447,-0.009442348,0.12750688,-0.07711192,-0.05453196,0.05380786,-0.0825616,-0.028383968,0.22607169,-0.027566047,0.04340648,-0.026660826,-0.04596945,-0.05627852,0.07705692,-0.016916266,-0.011969917,-0.07013533,-0.028592912,0.042163588,0.13314886,-0.085056126,0.052472796,0.11565029,-0.0944884,-0.06944335,-0.050804757,-0.034442075,-0.042022385,0.025080686,-0.03596413,0.012919914,0.14157099,0.086940445,0.12827955,0.021154068,0.13463047,0.081737265,-0.039822426,-0.12147424,-0.000566521,0.013764545,-0.016896958,-0.010400997,-0.08594951,-0.029235378,-0.1566672,0.09309499,-0.016852772,-0.04737179,0.04601486,0.024416095,0.010797638,-0.12720545,-0.050918654,-0.11401084,-0.019070828,0.15675078,-0.1096115,0.14593568,-0.11747597,0.0032550816,-0.09523719,0.17093183,0.17676586,0.023629399,0.15094087,-0.120052055,-0.02465459,-0.0843864,0.15954019,-0.123452656,0.09553063,-0.0689165,0.01681328,-0.01871109,0.16931862,-0.006709977,0.13075015,-0.08569168,-0.06576471,0.14071614,-0.1720877,0.025555512,0.021244915,0.059297018,0.0533276,0.11883942,-0.009001411,0.054702885,-0.11156403,0.027825892,-0.12661405,-0.032238893,0.017792597,0.13890952,0.01901559,-0.03551029,-0.03434341,0.020779852,-0.034562908,0.02667226,0.11679183
-0.0736723,0.013353138,-0.015163293,0.008979968,0.04795332,-0.006323575,-0.04093312,0.01596027,0.051422093,0.17213513,0.0020027827,0.00095859217,-0.08038725,-0.05966336,-0.07070227,-0.06872051,0.085589916,-0.03500486,-0.0031092465,-0.12219918,-0.00076541334,0.021944828,-0.0126596475,-0.054966938,-0.027643804,-0.04521664,-0.06364508,0.004000423,-0.12312966,-0.11609208,0.0513861,-0.029638164,-0.018105112,0.04937003,-0.14373723,0.073833875,0.0020503907,0.01452837,0.013993669,-0.04665348,-0.07283449,0.035144474,-0.08314491,-0.04818998,-0.021732016,-0.048942894,-0.051289435,-0.025851045,-0.044743296,0.13883698,-0.14949432,-0.058695957,0.047918655,0.021221476,0.1807489,-0.06526722,0.1938731,-0.004437358,0.09699787,-0.08763027,-0.08547344,0.002900877,0.19403026,0.16142824,-0.005677666,0.042594258,0.058588468,-0.04682812,0.021034993,0.0029420827,0.04216097,-0.025041457,0.17913677,-0.116339296,-0.0012604448,0.052573424,0.011207955,-0.12833904,-0.18001653,0.044723913,-0.17008077,-0.007876005,-0.08394228,-0.032401334,-0.034612473,-0.053309336,0.04977758,-0.15839587,-0.016696796,0.077288635,0.08812182,0.11466762,-0.03690891,-0.104406625,-0.016642839,0.18651585,0.10862246,-0.044962533,-0.06998453,0.02886978,-0.1136399,0.15393214,-0.00034723358,0.015329994,-0.11099327,0.039784845,0.05748501,-0.30860245,0.109037995,-0.04029308,0.10959971,0.08444511,0.007826645,-0.008814361,0.06907528,-0.10656547,0.074623935,0.10871264,-0.035867713,0.03986967,0.0032352204,-0.019866679,-0.10038827,0.08847489,0.1212517,0.030489022,-0.1360665,0.2496859
0.07204512,0.026072182,0.0041801212,0.20358434,0.020941783,0.04588099,0.037191115,0.04825505,-0.107609764,-0.0041226298,-0.020061225,-0.044483844,0.16313408,-0.15766902,-0.06033671,0.014434114,-0.06006531,0.08524127,0.051628236,-0.1147341,-0.06665438,0.056932367,-0.06999169,0.121349104,-0.052388772,-0.021054873,0.10082996,0.02249296,-0.13339949,-0.052728813,-0.03000023,-0.09389545,0.05180981,0.0764093,-0.14025728,-0.05210071,0.043418147,0.011272951,-0.08790489,-0.1438024,-0.09503683,-0.06461803,0.074918285,-0.13862202,0.25219303,0.032257684,0.10055295,-0.07016604,0.19322973,-0.027822638,-0.04589691,0.003051288,-0.046778534,-0.10177625,0.066538766,0.023055542,-0.020094732,0.053941853,0.07961608,-0.19519658,0.04458617,-0.005412846,-0.002871659,-0.050498307,0.25531155,-0.0514614,0.091223285,-0.03808461,0.11659688,0.11215548,0.025339542,0.09390173,0.10495077,-0.11480775,0.035580143,-0.088596284,0.05024855,-0.0069586285,0.01486811,-0.09451649,-0.042200398,-0.071327455,-0.0020379731,0.04357133,-0.1618167,-0.047330894,0.08293306,-0.08054348,-0.040527698,-0.25281018,-0.07667572,-0.011424587,0.070435256,0.0071749794,-0.08290917,0.056509983,-0.004965864,0.174425,-0.101704806,0.13532916,-0.009380486,-0.048907,0.07342123,0.016871093,0.0041397233,-0.059405938,-0.007228742,0.17050213,0.0348204,0.0051459535,0.046327304,-0.065577134,-0.08629802,0.0026375686,-0.07279835,-0.01803174,-0.09263809,-0.016955642,-0.030704845,-0.03189046,0.046905223,0.034652416,-0.05709167,0.15255614,0.13951945,-0.035056926,-0.10895664,0.018343095
