0.07825675,-0.07360288,-0.12186323,-0.15990356,0.06883123,-0.01915186,0.19027424,-0.045051064,-0.021544533,0.103452705,0.08955396,-0.2792455,-0.07381741,-0.037737556,0.074242264,-0.09825367,0.077409826,-0.00920585,0.007619678,0.093695916,0.15162401,0.068955705,0.0043599186,-0.06106362,0.05910525,0.0014536905,0.13705058,-0.07011637,0.14747429,-0.044961084,0.018135691,0.03416471,0.025289297,-0.15562402,0.026499722,-0.11129952,-0.17494826,0.07591776,-0.07422811,-0.06860143,-0.07731357,-0.046442397,-0.0448336,0.10861537,-0.057693977,-0.10305517,0.084994964,0.095923364,-0.19152129,0.13065866,-0.072306134,0.062249735,0.050856054,0.006759095,0.01284349,-0.09475085,0.020990964,-0.1103866,-0.13412187,0.064237006,-0.12099776,0.08112925,0.0043387767,0.07769029,-0.05942197,-0.09527705,0.019757701,0.04763014,0.30146194,-0.008922169,-0.0012852611,-0.025752557,-0.088843316,-0.034947146,0.0087419385,0.0022615243,-0.0324618,-0.037507903,0.11651741,-0.11919625,-0.053078193,-0.0049009435,0.04239112,0.019939307,-0.07535856,-0.109727345,-0.074395776,-0.00064506783,-0.0005781406,-0.03555839,0.025030108,-0.026152069,0.07483667,0.013943179,-0.07890039,0.018699775,-0.10682575,-0.017222835,0.008924775,0.004160114,-0.032132253,-0.1367728,0.014737884,-0.24044175,-0.017294778,-0.03206652,0.0020471287,0.009442261,-0.11594156,0.025390837,0.008526005,-0.045124397,-0.10386232,-0.076240845,-0.066356994,-0.052155044,0.03804595,-0.21170056,0.026528677,0.098042995,0.08784956,0.03500078,0.084711924,-0.09262054,-0.047885403,0.07501739,-0.058718946,0.0016239323
-0.017934809,-0.0063203005,-0.0028684868,-0.12652425,-0.04214193,-0.11911704,0.030905096,-0.052573107,-0.030235348,0.15252262,0.088089146,-0.06505777,-0.18839408,-0.10184792,0.028668147,-0.09499304,0.17215249,-0.050300464,0.028857406,0.034553446,0.020059934,0.024727875,0.022604771,-0.041959684,0.10436447,-0.17018259,0.07450631,-0.0456878,0.09315397,-0.11064238,-0.08052794,0.19215736,-0.038593147,-0.09124732,-0.09715114,0.015433278,-0.10582085,0.052413117,-0.04189958,-0.018831374,-0.039247565,-0.017848987,-0.026073167,0.085072964,-0.06317438,-0.052180428,0.19157831,0.013476085,0.014238308,-0.03869862,0.009667414,0.0011544388,0.034097604,0.0604805,0.0021770608,-0.07808688,0.026967889,-0.028201295,-0.100476444,-0.011572994,-0.054304887,0.045469433,-0.10633124,0.078624494,0.11143227,-0.13488936,0.01765322,0.06759708,0.38150674,0.061647035,-0.13456188,-0.025846358,-0.08668106,-0.02625511,-0.09155954,-0.026270274,0.058024384,-0.10129368,-0.013361072,-0.09655673,0.027213417,-0.057080325,0.031116802,0.12593813,0.004392065,-0.03177928,-0.029649327,-0.019073216,0.08557668,0.06467624,-0.110763825,-0.14415717,0.055887442,-0.015566805,0.079003304,0.116699986,-0.18828076,0.06749218,-0.030834852,-0.008775094,-0.0029549787,-0.122668624,0.056179564,-0.23350461,0.027876442,-0.09739228,-0.020634186,-0.09162395,0.005374426,-0.017580701,-0.021965561,0.006272959,-0.13537914,-0.14909236,-0.028208613,0.009694018,-0.0103555685,-0.19728848,-0.06648757,0.04323662,0.027661262,0.041317757,0.012012943,-0.014990905,0.1228001,0.06406017,-0.030964695,-0.09217731
-0.114019565,0.27526337,-0.011247626,-0.03615131,-0.13424644,-0.033652198,0.04485952,-0.079630956,0.066601016,0.12789106,-0.025119187,-0.06782232,-0.15343496,-0.024718441,-0.048866443,-0.10175887,0.0987975,-0.03613966,0.017424718,-0.02892501,-0.144747,-0.10459976,0.016663305,-0.029299267,-0.013245289,-0.15973605,-0.03592434,0.073254496,-0.040738568,-0.17627853,-0.08581163,-0.05374936,-0.015814777,0.12875204,-0.08982909,0.071004696,-0.05145716,0.03397657,-0.032128714,-0.06657984,-0.03685701,0.12740661,-0.046069287,-0.040059183,-0.119337365,0.037270933,0.012730116,0.07935726,-0.04286509,-0.06175878,-0.044100694,0.07918422,0.1980835,-0.024895556,-0.038707606,-0.03062999,0.007842544,-0.040941034,0.029479874,0.1520364,0.04040673,-0.07510513,-0.016290905,-0.19462113,0.11689178,-0.10018876,0.023930183,-0.0641588,0.17580844,-0.010260842,-0.16529855,0.026062308,-0.037186045,-0.120020054,-0.06917644,0.10012886,-0.18969695,-0.08622638,0.21370582,-0.011718293,-0.20794183,-0.042291835,0.012699303,0.025886888,0.0016931754,-0.05597028,0.06454977,-0.05605922,0.057407424,-0.055930875,0.094632424,0.049953837,-0.034166943,-0.032887813,-0.027518813,-0.0530045,-0.14443961,-0.06868639,-0.02824059,-0.1035854,-0.006472167,0.14599773,-0.15534149,-0.07233695,0.02010476,0.045522112,0.032157276,0.009763606,-0.013743802,-0.071402095,0.12408472,0.017154729,0.008753206,0.066370584,0.019195728,0.06327104,0.06339028,0.08081541,-0.06450348,-0.038081575,-0.032218445,0.10368747,-0.07734852,-0.18518363,0.01170058,0.009695516,0.025429899,0.10625248
-0.057044122,0.15073356,0.022430055,-0.14819938,-0.06409554,0.02115665,-0.1319114,0.020143818,-0.019861884,0.12385477,-0.1119089,-0.023907369,-0.039567757,0.031045672,-0.04383879,-0.08926457,0.24007222,0.045830637,-0.051906187,0.054941185,0.008537589,-0.030949837,0.0048696203,0.19575801,0.041400563,0.014978356,-0.032906253,0.12238702,-0.0004599656,-0.1287365,0.01397465,-0.013384575,0.030168278,-0.054135434,0.09815523,0.12821655,-0.017357953,0.047852643,0.17477386,0.016724963,0.02622007,-0.16208346,0.014388401,0.2338317,0.16217525,0.13208069,0.09189231,0.018250154,0.13013844,-0.08564279,0.06787525,0.03503701,-0.09848107,-0.021331409,-0.040010396,-0.086835176,0.02043286,-0.06744187,-0.0013165867,-0.25859392,0.08318959,0.010312187,-0.1379939,0.13185774,0.08112731,0.019238416,0.008908063,-0.02857826,0.12265208,-0.05913651,-0.06043063,0.051398303,-0.042697318,-0.09107855,0.046130512,-0.029958934,-0.041357215,0.07923344,0.061267003,0.055443168,-0.015234238,0.012566029,0.05760302,0.0009527598,-0.12074239,0.09945164,-0.04852723,-0.09974944,-0.033368573,0.035352707,-0.036675677,-0.048528828,-0.089986,-0.0386859,0.049669906,0.09545195,0.051857658,-0.09795928,-0.15598181,0.05979685,0.1040625,0.015739854,0.039807707,-0.0988215,-0.01977387,-0.04711144,-0.028739683,0.054519076,-0.12830235,-0.0036244683,0.16014646,0.0025573168,-0.055262256,0.043516025,0.05789617,0.027639562,0.042820368,-0.069309495,-0.031002678,-0.024675837,-0.052044988,-0.15674108,-0.13641915,-0.084903516,-0.021335147,-0.04585444,0.23920572,-0.1269862
-0.058014974,0.07097224,0.091793634,-0.024281282,-0.072221376,-0.007014847,0.056453902,-0.03705043,0.08397103,0.072409764,0.07272379,-0.09571312,-0.099899516,-0.114968024,-0.014720143,-0.026751386,0.20074834,0.06888332,0.25945064,0.009192197,-0.09462617,0.065626204,-0.040763237,-0.074590236,0.048193693,0.06909325,0.123110816,-0.01635987,-0.095854476,-0.15505804,-0.08277677,0.053337295,-0.030477881,0.08218837,0.033562973,0.13168226,-0.2902092,-0.016386153,0.05424423,0.08472127,-0.038795322,-0.019722316,-0.08714473,0.011942729,-0.04278937,-0.10357876,-0.033086553,0.02947023,-0.030815404,-0.030540133,0.12895556,0.035922498,0.030014453,-0.12218809,0.009183526,0.043646194,-0.029802203,0.055087417,-0.05483238,0.0116157485,-0.112214625,0.092142016,-0.06972842,-0.107517816,0.24707282,0.050399195,-0.00035090782,-0.019310737,-0.06825266,-0.03682337,-0.1651235,-0.030899828,-0.10398768,-0.1322464,0.047962524,0.010106671,0.072018884,-0.22775266,0.029142478,-0.0024044444,-0.0004899937,-0.059726533,0.028921818,0.10912326,0.053863116,0.030340225,0.085109845,-0.003106488,0.010894954,0.11777765,0.08670829,-0.13180733,-0.049191266,-0.028124012,0.038994495,-0.0060652914,-0.10871382,-0.22088812,0.06241219,-0.08982279,0.09446439,-0.05475102,-0.0034980942,-0.068825416,-0.037296712,-0.0023533043,0.13616082,-0.060983792,0.083009556,0.09113596,0.028555393,0.03749491,-0.069028944,-0.09863835,0.14422087,0.07215303,0.06647984,-0.05106285,-0.058104135,-0.039328564,-0.035488706,0.13613608,-0.012313142,-0.07705709,0.028707927,0.045068476,-0.11370431,0.11881898
-0.057342466,-0.043478068,0.025361096,0.14061515,0.06654845,-0.004700081,-0.06685689,-0.02374561,-0.23008512,-0.11740712,0.03700575,0.14817014,-0.006666079,-0.032517873,-0.060447734,0.060050193,-0.10459667,0.037396654,0.022607129,-0.041836742,0.013398356,0.08401579,-0.006003492,0.10556949,0.050444096,0.16457321,-0.026272433,0.25832337,0.109058,-0.09074787,0.07743674,-0.0023520095,-0.02347509,0.04052016,-0.020684302,0.087087505,-0.068190254,0.094809346,0.012391504,0.005207397,0.011365223,0.08511249,0.016276319,-0.06841022,0.20947677,0.063119724,0.074321106,-0.10826907,0.18872374,0.03426146,0.022618132,-0.010990435,-0.12535839,0.16058356,-0.057201225,-0.06566267,0.053122442,0.06275814,-0.13369377,-0.27107927,0.009060087,0.16678156,-0.1870072,0.21759504,0.09027607,0.07107098,0.059794676,-0.032539655,-0.070801996,-0.0011684498,0.039223496,-0.10632821,-0.024956387,0.015854403,-0.04612123,0.034843516,0.04583123,-0.20578873,-0.05491338,0.092021376,0.074551105,-0.029317278,-0.013511344,0.030805355,-0.034491464,0.055397917,0.0017044587,-0.0049136416,-0.033829805,0.06865786,-0.031226672,0.05745609,-0.010630755,-0.10591281,0.053450327,0.010385021,0.12728094,0.16355139,0.079664834,0.06632968,0.13767345,0.15210907,0.024024224,0.0022119752,-0.08681598,-0.11425388,-0.08230878,-0.0089188395,0.08268035,0.031282097,0.046824366,-0.083726235,0.026213491,0.07398074,-0.00874089,-0.04286398,-0.046654705,-0.04481438,0.022820082,0.07489228,-0.030501494,-0.061781477,0.027587669,-0.041180547,0.06861237,-0.100291766,-0.023311583,-0.013194213
-0.239221,0.061526336,-0.12622465,0.0629371,-0.07484034,-0.07551328,-0.08047852,-0.016047928,-0.15482993,0.005516578,-0.13546698,0.0098507395,0.011940773,-0.035295907,-0.07798451,-0.02150913,0.07820413,0.041284833,0.011414716,0.018369988,-0.0055247745,-0.012679797,-0.14065449,0.038891412,0.03171149,-0.03466181,-0.030311588,0.2298106,0.03375386,-0.15920164,-0.025336124,0.075318575,0.022950506,0.071126565,0.05327712,-0.012848629,-0.06628328,0.09764442,-0.03273423,-0.003980395,-0.007574982,-0.016829593,-0.03220035,-0.0058444054,0.09335324,-0.040221173,0.041277114,-0.013737398,0.19959396,-0.12294693,0.043557994,-0.04961569,0.02496437,0.025059845,-0.016078524,-0.14559996,-0.058389515,0.039885785,-0.09498918,-0.12706533,-0.08706069,0.04118697,-0.17912808,0.04753708,0.059729543,0.012443492,0.09788833,-0.06700635,-0.030763809,-0.120701134,-0.106707916,-0.1374884,-0.080711804,0.04111827,0.14530545,0.026254596,0.14279644,-0.08509431,-0.0507618,0.0049761427,0.022084527,0.011766561,0.026153907,0.04444344,0.088744685,0.0093719615,-0.021250132,-0.08152656,0.025356833,0.30032325,-0.09082115,0.012383593,-0.003923421,-0.1305396,0.09853788,-0.018534034,-0.096192904,0.01033075,-0.0711425,-0.10896085,0.025760813,0.079051025,-0.047410175,0.03143631,-0.036266003,-0.010494914,0.040191416,-0.044437382,0.03342075,0.11190301,-0.09512378,-0.077686936,0.0928264,0.095736235,0.02724418,0.095710546,-0.16386358,-0.3038985,-0.13125469,-0.02654196,-0.02721897,0.04534702,-0.10764868,-0.12010385,0.019967189,-0.009738915,0.079125695,-0.00079756713
0.042014103,-0.06715016,0.0031479597,-0.0009592945,-0.0076547833,0.026005698,0.09337005,0.010049034,-0.08394665,0.032205146,0.14778899,-0.092839055,-0.02369473,-0.03448981,0.11655574,-0.22656381,-0.14747144,0.034131076,-0.111622095,0.06774739,0.10010166,0.020003783,0.025270458,-0.04120448,0.059987057,-0.087008566,0.07000169,-0.0798086,0.15829223,-0.044832535,-0.01872775,0.037581887,-0.12003596,-0.19361241,-0.21794298,-0.16510864,-0.059081405,0.075389005,-0.030351054,-0.02777413,-0.018252248,0.0069644945,0.06623452,-0.067009754,0.08550001,0.027533527,0.09653465,0.05009545,-0.08947538,0.14551982,-0.087759554,-0.01205927,0.046069887,0.09977604,-0.04720361,0.037972227,0.12566875,-0.07756791,-0.08849476,0.10720198,-0.018534297,0.01735872,-0.024915332,0.114616774,-0.12037215,-0.017693946,-0.029469484,0.13447887,0.23612605,0.08541115,-0.03404481,0.013833969,-0.07174951,-0.011144185,-0.054390743,-0.02811072,-0.13605013,-0.1526567,0.02455317,-0.076243676,-0.09543921,-0.057575412,0.041347884,-0.06924159,-0.05692104,-0.12403432,-0.15651475,-0.034771886,-0.08720945,-0.12827522,-0.17368962,-0.035822127,-0.0056756265,0.03572877,0.032227047,0.022196982,-0.016321868,0.12685561,0.033840712,-0.018291207,-0.15586226,-0.11150494,0.1943376,-0.18280439,-0.07977509,0.051434126,-0.120863676,-0.105009064,0.043459706,-0.002503998,-0.0027836787,0.057694606,-0.024778176,-0.02641377,-0.008777262,0.062537,0.064266965,0.04949429,0.017961409,0.13755463,0.06726723,-0.058195896,0.03637762,-0.1203027,0.007905032,-0.008368812,-0.043502804,-0.021782221
0.15171786,0.12396327,0.06085752,-0.13399674,-0.082829505,-0.02257135,0.012697917,-0.01747972,-0.08985638,-0.0025055201,-0.06932067,-0.11210798,-0.008322755,-0.14585373,0.020472744,-0.119678706,0.12704156,-0.036182526,0.026478793,0.09307959,0.08336628,-0.023861594,0.007760678,0.0007068265,-0.03125359,0.035623673,-0.014888368,0.20908825,0.025286626,-0.13995193,0.08572216,0.024928534,-0.010263944,0.10202539,-0.054751303,0.1272764,0.026393326,0.17684065,-0.02364303,0.0076751034,-0.047082767,-0.03357952,0.043575633,0.13101505,0.09321441,0.015312474,-0.11541685,0.15106583,-0.20305812,-0.09428586,0.067646675,0.10826214,-0.054625217,0.104983695,0.012165577,-0.012437066,-0.021322401,0.033546858,-0.05153819,-0.15516211,-0.17213586,0.0021282693,0.047023285,0.021840295,0.11383097,0.035486974,-0.040672865,-0.050402194,0.02821673,0.109132655,0.05892875,-0.018507916,-0.09281918,-0.06511163,0.091605805,-0.02099939,-0.050209288,-0.058316335,0.042782012,-0.10025935,-0.04076834,-0.02901806,-0.029886935,-0.047574468,-0.123208925,-0.14881916,-0.14890508,-0.18893991,0.0033338305,0.08059426,-0.06517124,-0.07894206,0.097821325,-0.033990353,-0.13652848,-0.04712031,-0.113104224,-0.085432336,0.14029622,0.07230397,0.0008191409,0.08073987,-0.05772913,0.018960556,-0.13229539,-0.06389935,-0.07519655,-0.113737956,0.083219185,0.06002761,0.21916848,-0.04292607,-0.0704355,-0.109151594,0.004042619,-0.14611046,0.038499925,-0.003322274,0.048732877,0.077237524,-0.043305945,-0.104810596,0.11844193,-0.022898695,-0.15688165,-0.012570171,-0.04926394,0.09130829
0.029984428,0.17528363,-0.12486626,-0.17582694,-0.05216761,-0.04152475,-0.11995666,0.04438502,-0.027458275,0.03029781,-0.031925485,-0.09168102,-0.18240659,0.00853724,0.021744616,0.024782393,0.006368109,0.013635612,0.055034544,-0.0642145,-0.010659265,0.06128365,0.0052758255,0.030268403,-0.058775235,-0.1338099,0.05153957,-0.015185222,0.12640743,-0.11493202,-0.07174542,-0.057648476,-0.097489156,0.08314117,0.054062366,-0.06099238,-0.06680982,0.08858792,0.15667161,-0.015336216,0.14059497,0.061467066,-0.013371146,-0.039133403,0.09947768,0.1376056,-0.081486374,-0.04971134,-0.029425751,0.12304344,-0.057854004,0.031917114,-0.018184837,0.041317385,0.113054395,-0.038877502,0.039276406,0.03786359,0.025625367,0.0027213215,-0.21159397,0.0037994846,-0.013064028,0.0014214555,0.0508609,-0.16850396,0.10108717,0.09873637,0.051126417,0.0151598165,-0.048573393,-0.2635881,-0.084662125,-0.07247788,0.055725824,-0.09995662,0.098317266,-0.06300658,0.02289287,0.09120426,-0.07493495,0.004385691,-0.00870728,-0.09594258,0.061965737,0.14922056,-0.053249575,-0.07679688,0.06516821,-0.029208612,-0.113999754,-0.057726193,0.05770739,0.0697581,0.090575255,-0.13954377,0.005784496,0.22332484,0.14112577,-0.10952231,-0.08262622,0.19516812,0.16646942,0.013437695,-0.018233139,-0.09645644,-0.05903153,-0.08761398,-0.03659905,-0.0153894555,0.02899383,0.027310725,-0.007865582,-0.10119864,-0.09262944,0.021589594,-0.10359855,-0.14017275,-0.044941217,-0.0313644,0.18083106,0.12496172,0.03223044,0.02466701,0.086450115,-0.0042353463,-0.043483447,0.03791172
0.0154138,-0.054133914,-0.20311496,-0.015253349,-0.08939608,-0.0600153,-0.05127122,0.0904512,0.040057063,-0.014855452,-0.1192617,-0.03109669,-0.07314176,0.038258895,0.08334001,-0.03617585,-0.050338384,-0.1152033,-0.039613806,-0.16355316,0.06783783,-0.111428484,-0.21424758,-0.113322616,-0.07014586,-0.06507076,0.15320916,0.10758478,-0.0008112287,0.037286054,0.018559432,0.0729997,0.2095342,-0.008814003,-0.008512021,-0.07139679,-0.07217119,0.20951366,-0.006367594,0.035867404,0.14527972,0.047321208,0.087643765,0.06406815,-0.107384354,-0.03853865,-0.027537724,-0.11190209,-0.03142377,-0.21613908,0.061741043,-0.07293129,0.010176175,0.112234324,0.10707367,-0.01666254,0.03315499,-0.06761166,-0.19122083,0.018738002,-0.15196592,0.0096414285,-0.028193364,-0.021026317,0.010135913,-0.024533635,0.062240835,-0.15288384,0.0325104,-0.02805029,0.042011365,-0.0066490727,-0.013638148,0.00854524,0.10346496,-0.10000543,-0.012498717,-0.18255202,0.2015721,-0.075406864,-0.061701793,0.15328243,-0.052193202,0.03779241,0.02435156,-0.057223212,0.059682634,-0.04056719,0.094920285,0.051285777,0.044684157,-0.053595893,0.09617322,-0.1271461,-0.18589665,-0.022395704,-0.14496753,-0.0010533779,0.09478069,0.016212434,-0.0045131277,0.1357591,-0.07587162,0.045150194,-0.11135756,0.021000778,0.01767595,0.10752228,-0.09343737,-0.09268451,-0.016345045,0.038919996,-0.016913952,-0.06998526,-0.056349255,-0.013426903,0.015737567,-0.0151385795,-0.11996307,0.043635756,0.08288914,0.040823888,0.010439872,-0.06118662,0.019066978,0.018671121,0.030240536,0.17568311
0.15367842,-0.054451544,-0.04338466,-0.0048364513,0.059299722,-0.008169463,-0.0565094,-0.1514539,0.052960496,0.11139946,0.09705836,0.085850924,-0.14179973,-0.11529752,0.0014269268,-0.07710892,-0.05160843,0.09990272,-0.08324498,0.043386355,-0.009514424,0.0579667,0.019994304,0.074889906,0.030079925,-0.1729457,0.1455364,-0.039015386,0.17744371,-0.062915586,-0.03823048,0.016708167,-0.14144795,-0.030465905,-0.064768545,-0.09036511,0.0068999627,-0.051073436,0.062569335,-0.06183673,0.07760649,-0.016551388,0.035004996,-0.089415364,0.06681309,-0.09133478,0.08212831,-0.05462562,-0.08055096,0.115506776,-0.07260571,-0.05146102,-0.047247063,0.1851666,-0.11354793,-0.1398215,0.12416559,-0.08249342,-0.066134594,-0.1118178,0.0301176,0.07348054,-0.02381916,0.1795701,0.006821999,-0.045918103,0.03231712,0.14279559,0.23422474,0.057837524,0.034017827,-0.0827645,0.06338487,0.06015789,-0.0057267556,-0.10438236,-0.033945385,-0.08123327,-0.044836383,-0.02139742,-0.023167707,-0.12105836,0.08449719,0.02374704,-0.13778654,0.0107307285,-0.12085571,0.026300823,-0.03575466,0.019345779,-0.11267138,-0.022923479,-0.0055925967,-0.042249337,0.13974531,0.0318097,0.025468554,0.17480066,-0.019671112,0.12144827,0.009779748,-0.19877455,0.039345477,-0.059359457,-0.17107768,-0.0010747093,-0.088378,-0.18036446,-0.011951297,-0.06691239,0.17589326,-0.064144865,-0.10009899,0.0055176206,0.07361045,0.13433205,0.013399783,0.046610314,-0.0037753957,0.07959632,0.0009739072,0.001020141,0.05790617,0.10252151,0.12911363,0.037436858,0.034560867,0.05821294
-0.009222334,-0.14579307,-0.10066246,0.043892987,0.011724107,-0.013317774,0.02242352,-0.07780163,-0.013977834,0.006683685,-0.016235322,0.11850146,-0.037730664,0.044053096,-0.03561723,0.017596206,-0.09398481,0.07849972,0.058784224,0.008064547,0.06391787,0.05021425,0.03112171,-0.018541373,0.10032927,-0.024513427,0.03265304,-0.0464378,0.15106958,0.099171914,-0.034140263,0.022301493,-0.17028286,0.02926072,0.07731247,-0.13842332,0.065195225,-0.016375197,-0.06195362,-0.029591916,0.07366026,0.0052188435,0.02041152,-0.07148666,0.054517776,0.04118763,0.25078842,-0.01591462,-0.034979843,0.09932715,-0.042951416,0.02270999,-0.026883498,0.18692394,-0.05091368,-0.22018506,0.030023687,-0.0017373754,0.006020323,-0.09501811,-0.019883381,0.18267429,-0.08655396,0.13945067,-0.099681124,-0.012472532,-0.014857587,0.029174756,0.11577241,-0.0030625768,-0.102972806,-0.028391222,0.030373879,0.074379206,-0.1447785,-0.15025666,-0.031952355,0.18423955,-0.122349806,0.0077213403,0.046981543,0.070080616,0.058000028,-0.035021544,-0.058811687,0.027876344,0.02120405,0.042379223,0.02879934,0.002141589,-0.086168244,0.09602488,-0.14155522,-0.089013025,0.19831796,-0.05860122,0.038234428,0.10793394,0.03520797,0.09348743,-0.072657384,-0.20875333,0.11722758,-0.13852945,-0.18759933,-0.06869659,-0.0468111,-0.21636301,0.09207868,-0.05767257,-0.08937684,-0.02536455,-0.013498418,0.047442637,0.004576916,0.13294743,-0.20420727,-0.057535462,-0.068953805,0.04538536,0.0044625956,-0.05982941,-0.0006417434,0.053113148,0.04760531,0.020633215,0.051609393,-0.106689796
-0.027907226,-0.03002241,-0.06970546,0.046389945,-0.044221178,0.056186922,-0.019123223,-0.03408379,-0.20476578,0.18397461,0.03908945,-0.021890717,-0.00045546837,-0.028018638,-0.026590161,-0.09297379,0.07223322,-0.020446105,-0.0979099,0.03407462,-0.007787464,0.10754564,0.04616506,0.1001546,-0.004796973,-0.13985398,-0.015316328,0.058204904,0.21082774,0.006318483,-0.101026006,-0.01555722,-0.1827135,-0.09709726,-0.035544656,-0.15549524,-0.0979421,0.048599157,0.014668696,0.01951921,-0.040738784,-0.031060562,0.071801074,-0.09323872,0.03669163,0.04558826,0.0952514,0.094122306,0.038418896,0.054165192,-0.028740104,-0.054119114,0.053557836,0.09644283,-0.015317028,-0.14478919,0.08231599,-0.10442341,0.004150061,-0.10920251,0.026227135,0.10205224,-0.20013048,0.14121915,-0.020988172,-0.050270636,-0.048308097,0.13304605,0.13767064,0.003642718,-0.029942812,-0.02048694,-0.06822885,-0.0017247179,-0.064258814,-0.15098025,0.06660893,0.0022357046,-0.09764896,0.12736446,-0.04430829,-0.025911866,0.07214389,0.037707515,0.071987405,0.013008575,-0.019820519,-0.034878414,-0.007990782,-0.06309244,-0.20338748,-0.005749896,-0.0758501,-0.07120977,0.13318704,0.022668745,0.009958,0.09051596,-0.13184015,-0.053068057,-0.039071318,-0.009439097,0.25286797,-0.18082975,-0.05092011,-0.10235788,-0.116402835,-0.06507569,0.05682017,-0.13075829,-0.033729084,-0.028448371,0.02914345,-0.07241285,0.1007961,0.1521779,-0.18808681,-0.026864946,-0.07144636,0.05395949,0.079400145,-0.037835162,0.0046084607,-0.07988138,0.09091714,0.020184737,0.1302311,-0.13626173
0.20895435,-0.14288832,-0.16340896,-0.06313027,-0.041727938,-0.05142089,0.06906685,0.041040387,-0.091152556,0.14441897,0.05693958,-0.034042887,-0.07705306,0.0292228,0.08712386,0.01159278,0.0375692,0.047822904,-0.06783825,-0.11306919,0.026742263,0.015572695,0.14024164,-0.116877556,0.025534367,-0.15832828,0.15111242,-0.07134395,0.09714127,0.0027481627,-0.053875532,-0.03352059,-0.057566795,-0.20474496,-0.062958255,-0.04871016,-0.062047284,-0.03863333,-0.04126657,0.062924616,-0.07766358,0.062063962,-0.063379854,0.011696625,0.0005318464,-0.11409398,-0.014525604,0.07589485,-0.009632305,0.033642832,-0.13108315,-0.027740655,-0.04828567,0.15932828,-0.025696496,-0.03606005,0.07674091,-0.20038123,0.0044381176,-0.066413425,-0.015190458,0.09070322,0.097539276,0.15975998,0.111753754,-0.066273935,0.0054451707,0.047600467,0.26738933,0.11417464,0.020603389,0.02265043,-0.07665767,-0.00994431,-0.019130489,-0.091822654,-0.010069626,-0.0712238,-0.0093662925,-0.055813543,0.08885933,0.04161699,0.035404146,-0.01132053,0.017018327,-0.07260883,-0.09775983,0.11007787,0.08164933,-0.114178285,-0.03061663,0.014924518,0.0650725,-0.09323388,-0.047951367,0.002146138,-0.04323055,0.16056898,-0.1450647,-0.1244331,0.07116226,0.08208486,0.06544481,-0.17855988,-0.03435148,0.027358904,-0.18979146,-0.06366776,-0.09015186,-0.14572461,0.034260653,-0.038315248,-0.044417415,-0.11320635,-0.046150163,-0.014494426,0.03237277,-0.09258607,-0.12712246,0.07565119,0.052499734,-0.052439176,0.0044915266,-0.033007618,0.12234858,0.1119353,0.080414295,-0.088861495
0.12170486,-0.035283644,-0.063629985,-0.19924474,-0.04261361,-0.11416318,0.085231386,-0.17517191,-0.04054786,0.09502325,0.085307725,-0.13338962,-0.076189145,-0.03561528,0.049770065,-0.06766066,0.1320146,-0.008719613,0.15219483,-0.047000293,-0.008400984,0.11603442,-0.010315317,-0.043121535,-0.009939848,-0.043727744,0.08403571,0.02971299,-0.009361029,0.059190378,0.12026922,0.1161159,0.0385856,-0.021858366,0.07270872,-0.17535093,0.049539596,0.082967855,0.018343639,-0.110202745,-0.027599413,0.010683836,-0.072485454,0.034172796,-0.059371356,-0.10669795,0.09313738,0.020594321,-0.15086897,-0.077094264,-0.0513226,-0.016391777,-0.07610446,0.02460128,0.0061747087,-0.18702245,0.151055,-0.047571924,-0.21535341,-0.02811586,-0.018851127,0.19057152,0.12176569,0.048165757,0.014830516,0.042331144,0.040552538,0.03288656,0.10821404,-0.04126456,-0.09071001,-0.13037199,-0.037874136,-0.06690867,0.0010454117,-0.11786424,-0.061511047,-0.062801994,0.03322829,0.010981756,-0.05056083,-0.037678,-0.061148513,-0.0026669125,-0.13434151,-0.02210955,-0.00554073,-0.11398211,-0.036925185,-0.069700845,0.107219554,0.035260115,0.019491341,-0.088682875,0.101900935,-0.01864811,-0.08806133,-0.058742017,0.03777362,0.17125486,0.12655024,-0.13072933,0.010595974,-0.19977319,-0.019704472,0.11289155,-0.043209657,-0.10903763,-0.09339541,-0.041071583,0.15851443,-0.004083583,-0.035742667,-0.027588591,0.03353199,0.038278364,0.030923603,0.109122746,0.16032453,-0.025998997,0.03023825,-0.08925396,0.15324879,0.015790775,-0.08683902,0.1421696,0.07891287,0.10045486
0.07282476,-0.13474397,-0.07325541,0.012367621,0.012038225,-0.02516529,-0.007931462,-0.036126796,-0.07551201,-0.05401985,0.05800202,0.0874653,-0.06595707,0.035610896,0.08381409,-0.0887073,-0.1308164,0.03909295,-0.15990557,-0.005444437,0.06752793,-0.0073378896,-0.05195544,-0.029736115,0.034577057,-0.07868219,0.09886445,-0.008773514,0.23802085,0.01635816,-0.029057398,-0.015943874,-0.107745305,-0.07898111,0.09334063,-0.10143823,0.013223352,0.0014495986,-0.021970404,-0.0016206958,0.11138057,0.049721584,0.07292163,-0.16717282,0.017073037,-0.06762632,0.16625506,-0.07858963,-0.10861287,0.10144747,-0.08628755,-0.058397308,-0.1048516,0.16122112,0.029588051,-0.121111356,0.17898609,-0.044762287,-0.030540768,0.054719318,-0.024743583,0.110241175,-0.13686374,0.219844,-0.16140884,-0.04360025,-0.02509201,0.106250875,0.2359018,0.08781619,-0.026620228,-0.020258334,-0.04454061,0.034388486,-0.065073565,-0.11933542,-0.05732014,-0.11403868,-0.067404486,0.088011146,0.009632184,0.0945425,-0.025427619,-0.014021977,0.036165107,0.06443197,-0.04298957,0.0009794999,0.0072810776,-0.11737848,-0.118250616,-0.078985095,-0.0655889,0.0030401822,0.10693598,-0.04130543,0.056675937,0.12720989,0.07549275,0.0880571,-0.09051482,-0.12699038,0.16842677,-0.076875895,-0.17728175,0.009093657,-0.0062783505,-0.14714068,0.026561286,-0.11106473,-0.04802109,-0.0031215914,-0.038301457,-0.0637267,-0.06186577,0.11275088,-0.026470497,0.022996156,0.033997845,0.07832454,0.13425076,-0.048087794,0.0038111245,0.17307067,0.060533777,0.02418403,0.019359555,-0.068166316
-0.08092312,0.031661883,-0.12161241,-0.042747352,0.02530742,-0.09194086,0.084189266,0.0281095,-0.10653457,0.047122665,-0.073130645,-0.055858642,-0.0379425,-0.010699351,0.035552315,0.1790784,0.049677268,0.11192555,-0.10039639,0.041941933,-0.0965877,0.018406043,0.012235882,0.026493963,-0.08139199,-0.011988651,0.039993055,0.0060155704,0.09059886,-0.0030341798,0.10481962,0.061799854,0.0015698954,-0.043324668,0.07116979,-0.11694352,0.09583774,0.086889125,0.07421721,-0.060760178,0.032676935,0.05719064,-0.032911703,-0.006601113,-0.048929177,-0.027879829,0.13892633,-0.07868125,-0.09435997,0.029180368,0.036608577,-0.08172552,-0.14867318,0.036466375,-0.035662428,-0.0986506,0.0709539,-0.098810405,-0.020279415,0.13009822,0.035655633,-0.012600474,-0.17495137,0.10770058,-0.2803093,-0.09548608,0.12452797,0.29105338,0.09259115,0.0053176037,-0.014290559,-0.09455291,-0.070383154,0.025918737,0.06332746,-0.061983835,0.044174552,0.016642878,-0.016507542,-0.02175124,0.020698508,0.030379202,0.04703947,-0.021075193,-0.061816487,0.015235546,-0.16374806,0.03334549,0.027562222,-0.16143915,-0.022561809,-0.09474026,0.09699324,0.069592595,0.050028116,0.013775518,-0.071588926,-0.013188256,0.088187225,0.21993048,-0.033459123,-0.07681646,-0.0069248755,0.02467124,0.023147563,-0.09219737,0.042369463,0.044172253,-0.03825833,-0.10846712,-0.19970295,-0.12653865,-0.023591926,-0.11410276,-0.15181419,-0.12775166,0.040904514,-0.1798398,0.025850981,0.05341432,0.062800206,-0.15040022,-0.002181859,0.048644353,-0.14422126,0.023207912,0.07386169,-0.12611328
0.10472731,0.042335283,-0.016514808,-0.12443526,0.015242891,-0.15730445,0.033220604,-0.17665485,0.08932085,0.05472092,0.07190248,0.11699836,-0.092482224,-0.11370051,0.004988453,-0.13918239,0.02040424,0.07969476,0.13335967,0.015860813,0.04884864,0.10655776,0.07611179,0.08315968,0.0895494,-0.057214774,0.05177316,0.08394959,0.07010952,-0.08817198,-0.06453756,0.11625858,-0.15681389,-0.029852763,-0.04575221,-0.00885432,-0.054994844,-0.044678845,-0.039582793,-0.1140137,-0.030463306,0.05520158,-0.09932629,0.006472214,0.12856019,-0.116809405,0.12360007,0.110079296,-0.18820642,-0.015397708,0.05323226,0.05213196,-0.117302634,0.14853066,-0.030884748,-0.03788836,-0.0027923791,0.0141193,-0.11556791,-0.11804407,-0.087019734,0.20648263,0.044915862,0.10266966,0.17092338,-0.021092158,0.04361163,0.057654127,0.054353826,0.0756519,-0.038528584,-0.09805089,0.03223582,-0.095973715,-0.09937292,0.020242762,0.083403304,-0.0033893038,-0.060959395,0.045272414,0.09911602,-0.14333226,0.0025369283,-0.01847951,-0.012107434,0.078649245,-0.03832202,0.02881747,0.043061957,0.063262396,0.05145995,-0.023219377,-0.047674943,-0.09214647,0.075757794,0.016633946,0.04618826,0.07322805,0.0027412458,0.03759421,0.10158237,-0.28769153,-0.02924127,-0.12907478,-0.1034168,0.10598317,-0.11684695,-0.12405264,0.065142706,-0.0019107476,0.23158403,-0.0029686664,-0.006758608,-0.032183718,0.074029185,0.021918714,0.03819623,0.12736382,0.055717643,0.043026872,-0.038623337,-0.008511327,0.16882636,0.052032053,0.08631645,0.0315122,-0.009257653,0.003470358
-0.021856712,-0.009598683,-0.055765215,-0.17681924,0.014597283,0.049001846,0.07854386,-0.07801324,0.026706114,0.007160674,0.0248472,-0.1645856,-0.08121807,0.029947603,0.011143258,0.037313245,0.1317713,0.1428241,0.16096984,0.08273898,-0.056258947,0.041949265,0.071418345,-0.093006246,0.07726145,0.071783535,0.08798716,0.045793373,-0.08361485,0.06488023,0.14495915,0.031053774,0.0407539,-0.10611953,0.20851229,-0.097700275,-0.15121303,0.020207163,0.028309807,-0.01462156,-0.13298148,0.12826762,-0.11433562,-0.109684385,-0.08884764,-0.11760812,0.26631168,-0.0068038246,-0.06435312,0.10271271,-0.07809422,0.047073524,0.15975426,-0.042354554,-0.044117995,-0.057662822,0.03884061,0.058935314,-0.09294962,0.15180475,0.17426088,0.19014023,0.028474638,-0.084007815,0.021347506,0.007726303,-0.06726133,0.038893096,0.030402858,-0.10422738,-0.1714018,-0.11843564,-0.06091802,-0.11197673,-0.055051066,0.03706131,-0.053715546,-0.10066069,0.05878896,0.02083794,-0.10331466,0.010930207,0.030097356,0.03662926,0.061424877,0.07791366,0.0048907953,0.0119167,-0.058029797,-0.15584724,0.037948206,-0.0612708,-0.18709129,-0.005077379,0.0008036961,-0.068677805,-0.020585574,-0.2140622,0.029565044,-0.008461823,0.098982796,-0.11114272,0.05683209,0.01970807,0.01728542,0.030670913,-0.0003684803,0.06960921,-0.06156175,0.016437754,-0.055363655,0.046356067,0.05056096,-0.010749464,0.025674986,0.10188538,0.08369837,-0.1292374,-0.008244607,0.03135021,-0.0010372043,0.107978135,-0.04271451,-0.13553075,-0.021135021,0.07654614,-0.025419934,0.0025489756
0.061467487,-0.07923966,-0.016207395,-0.1939388,0.06521645,-0.09341966,-0.0036600947,-0.015304251,0.049766224,0.23945867,-0.0036049548,-0.07208404,-0.090073384,0.007944511,0.035041295,-0.116516106,0.050834566,0.113017865,0.06545159,-0.029301323,0.09000274,-0.009697473,0.05801352,-0.00011463257,-0.14664674,-0.1450453,0.11362972,0.05250935,0.08706724,-0.0732122,-0.07953193,0.018250875,-0.026939139,-0.0039634043,0.00093950017,0.0035437143,-0.11573431,0.052962385,0.0750933,-0.15282488,0.10956136,0.011118555,-0.009772023,0.13029277,-0.011888714,-0.05783259,0.11367238,0.10042005,-0.15880777,0.016666234,0.017468754,0.053934757,-0.0879182,0.06520347,-0.04351465,-0.11487155,0.05728283,-0.14965811,-0.047382507,0.06311493,-0.0032859917,-0.03128197,-0.096414804,-0.0024881295,0.09730839,-0.10817954,0.0651615,0.07506325,0.28100064,0.11969662,-0.08657801,-0.06074708,-0.0411345,-0.08834852,-0.03822387,-0.016455648,-0.009604287,-0.024059642,0.12392194,-0.07011534,-0.0445581,-0.056366593,0.19032703,0.10890809,0.0038446742,0.039879657,-0.17092364,0.03596873,-0.025645584,0.042267807,-0.0074790586,-0.12935457,0.09500703,0.04193688,0.067025915,-0.0060115093,-0.018957289,0.019109948,-0.103761934,-0.021038216,-0.0035453513,-0.042912286,-0.122886375,-0.083819665,-0.005893941,-0.09149665,0.008346152,-0.0013884858,-0.01728526,-0.16451462,0.03700822,-0.011246428,-0.20972347,-0.22090797,-0.025779212,-0.076134495,0.10407178,-0.056979105,-0.07353379,0.12544931,-0.02565196,0.11394815,0.1328206,0.037507936,0.0075671845,0.017197737,0.090310305,-0.06938589
0.0535304,0.06067451,-0.14930367,-0.06810395,0.060130086,-0.07395453,0.097382136,-0.12637648,-0.0134350825,0.10400343,-0.019636106,0.02435808,-0.073298246,0.07108465,0.061285436,0.005605157,-0.028572619,0.07572342,-0.039527997,0.042166345,-0.037489545,0.024184257,0.024142547,0.08436755,-0.10933961,-0.14618652,0.056712538,0.0070686857,0.21630572,-0.09188657,0.03212721,0.0029804322,-0.011350529,-0.040455006,0.062997065,-0.12404686,0.039735194,0.022379514,0.15613338,-0.019958524,0.21583524,0.024694128,0.05939067,0.06097202,0.05110541,0.01946718,0.03350768,0.05322318,-0.15792216,-0.018688213,0.06141382,-0.055606414,-0.20229374,0.024679122,-0.01964853,-0.13171805,0.06462257,-0.089193106,-0.0508464,-0.0068905824,0.07996078,0.021986902,-0.05705065,0.123631425,0.009977105,-0.17237681,0.1521258,0.12732361,0.08969548,0.097079515,0.04112907,-0.0006521719,0.07247777,0.014446497,0.040912744,-0.11163435,-0.04920047,0.036606107,0.09866706,-0.048290964,-0.030802935,-0.057959907,0.060571536,-0.033665128,-0.13439824,0.03175824,-0.1341601,0.08697105,-0.15559141,0.0018510808,0.106575556,-0.10576259,-0.05016563,-0.120852396,0.11536712,-0.009577895,0.020936642,0.003666353,0.06920983,0.17131597,-0.0038264662,-0.15936083,-0.16947836,-0.082501285,-0.15140554,-0.044714093,-0.038835455,-0.11622028,-0.14822821,-0.15245913,0.07493177,0.10053889,-0.18312088,-0.15218961,-0.0065817083,-0.0045917677,0.047519084,-0.05072285,-0.02061619,0.05616404,-0.022726674,-0.026907884,0.06476223,-0.038242973,-0.052096497,-0.015360496,0.16091658,-0.016964078
0.029885229,0.0361792,-0.005808927,-0.006248994,-0.010815133,-0.13344137,0.020167397,-0.057161015,-0.010612699,0.027727826,-0.044327818,0.005389032,-0.09382025,0.04927611,0.1732378,-0.13837057,-0.11539902,0.13556935,-0.12576562,0.11689434,-0.0010846844,-0.13424218,-0.044324886,-0.11023686,-0.14852227,-0.1512148,0.07772096,0.075565964,0.09970136,-0.11900544,-0.03422941,0.09522706,-0.019746097,0.030515144,-0.16548698,-0.047935292,0.000908463,0.04962208,0.049425542,0.041209638,0.1299222,-0.0069960183,0.08007954,0.04793172,0.025702523,-0.07820507,0.14771417,-0.02260519,-0.22336596,0.03706537,0.086734094,0.007918199,-0.07721975,0.030311452,0.08653548,-0.067425996,0.15954627,-0.15788758,-0.11817884,0.06194151,-0.043330256,-0.036568437,-0.09582096,0.12165463,-0.047428638,0.060469903,0.0916602,-0.0024467295,0.10485522,0.1729433,-0.036618397,0.04919476,-0.027336914,0.011652903,0.072233446,-0.1590217,-0.030317528,-0.08090534,0.01270739,-0.008173287,0.03505021,0.054981057,0.07154961,0.04153168,0.0029689597,-0.08563655,-0.17405131,0.10943922,-0.05465275,-0.0042477874,0.028555822,-0.20299035,0.07065908,-0.012080062,0.070534736,0.028845545,0.02754022,-0.06570811,0.0058897887,0.06626345,-0.16049325,-0.13915482,-0.036131427,-0.18556209,-0.091895156,-0.00034135603,-0.044124205,-0.017099338,0.053644307,-0.106148385,-0.03824535,0.13294965,-0.16725005,-0.17135371,-0.07501265,0.024352316,0.029468138,-0.011867298,-0.082367316,0.08125053,0.16719215,-0.0091529535,0.048126854,-0.00049406494,-0.05298008,-0.0099207135,0.041071035,-0.03251924
0.15940383,-0.01605019,0.0014654403,-0.009374907,0.11548303,-0.013605234,0.052262433,-0.12084498,0.047554202,0.062030736,-0.04593854,-0.11042793,-0.049949262,-0.06013701,-0.0060111117,-0.14320135,-0.042804733,0.118965276,-0.028685272,0.14138146,-0.042273097,0.116801515,0.016019097,-0.105869845,-0.10167649,-0.14050418,0.1219846,-0.00073716464,-0.029639779,-0.0662164,0.048915867,0.001724892,-0.02405761,-0.045425404,-0.0695984,-0.097830206,-0.017435553,0.057077028,0.01069087,-0.13221666,-0.035868682,0.02032927,-0.0114772655,-0.0203544,-0.0686423,-0.084934056,-0.013084096,0.18699378,-0.21933375,0.084174626,-0.031336695,0.072617225,-0.010443367,0.16322462,0.07254938,-0.09987626,0.11173367,-0.107046425,-0.12573633,0.14945994,-0.1274188,0.059973273,-0.05693682,-0.053315077,-0.06641129,0.06802546,0.005784977,0.07493037,0.1927588,0.022716215,-0.11443327,-0.023039198,-0.14171997,0.04239911,0.07865531,-0.01905781,-0.14073911,0.016314754,0.07149834,0.035977695,-0.054423336,-0.086250626,0.04277099,0.0061925156,-0.10257909,-0.082925476,-0.16789569,-0.03352611,-0.002791262,-0.09112292,0.07259565,-0.13599086,0.123036675,-0.002224157,0.021284914,0.06367741,0.028975151,-0.09110051,-0.06869838,0.13359556,-0.026637413,-0.04672749,-0.06683096,-0.05386406,-0.16350703,0.083961286,0.04320579,0.025690809,-0.018368501,-0.1587393,-0.024572067,-0.18152064,-0.10231873,-0.08196615,0.021187657,-0.06491049,0.11275102,0.08709195,0.10795508,0.1647203,0.06452244,-0.01944035,0.15833639,0.011160056,-0.13057548,0.028901322,-0.026569085,0.052986234
0.017832674,0.09577426,-0.10810036,-0.08573545,0.06621613,0.005676094,0.1819255,0.03945987,-0.057706807,-0.0017914406,-0.032855522,-0.20357192,-0.1007163,0.060883958,0.029348057,-0.038066287,-0.04616054,0.09971023,-0.08345378,0.04570015,0.061766263,-0.04488833,0.026696999,-0.12787442,0.056122955,0.06720992,0.035485648,-0.06522692,0.14305186,0.016137024,0.043187562,-0.026090572,-0.076308325,-0.0672447,-0.039963663,-0.14068544,-0.0032716224,0.011978827,0.01443239,-0.020472696,0.07944694,0.07063324,-0.018934403,-0.0006778383,0.033101015,0.030866867,0.14759152,-0.074473836,-0.10789449,0.13163759,0.004949672,-0.010170542,-0.1735517,0.015153108,0.03917458,-0.0020427448,0.010319339,-0.06777999,-0.058178846,0.16613118,-0.15720756,0.040582925,0.029615913,0.067139074,-0.29643667,-0.018467369,0.03568605,0.18631156,0.14304592,0.039314725,-0.0674719,-0.1555803,-0.096037306,0.034661222,0.0507682,-0.010920461,-0.044959083,0.009993371,-0.05447352,0.08627111,-0.049455177,0.023564335,0.020355983,-0.038823124,0.059606045,0.058128115,-0.09959493,-0.029108126,0.08128058,-0.18761055,-0.01329928,-0.08188447,0.117947444,0.16574255,0.017663348,-0.0015979242,-0.017738637,0.035038292,0.12580591,0.0061328956,-0.14475413,-0.05915091,0.14799662,-0.0506805,-0.008228053,0.061438303,-0.010806965,0.034336917,-0.020682195,-0.026491554,-0.13732873,-0.07355686,-0.013962445,-0.09368355,-0.21444945,-0.1273986,-0.0027842165,-0.1605738,0.110309064,0.044326667,0.16601558,-0.05162814,0.086310774,0.11057802,-0.075475454,0.019459901,-0.02227271,-0.099311054
0.102715746,0.17912564,0.009474195,-0.06700444,-0.065093346,-0.11504445,-0.029762518,-0.027313787,0.004536218,-0.05898732,-0.16378506,-0.08403172,-0.101524,-0.12450765,-0.06503446,0.018897567,-0.20873553,-0.039800704,0.047052618,-0.042662058,0.014593687,0.014396519,-0.021543745,0.025980815,-0.062019583,-0.057121817,-0.06238582,0.24645881,0.14789772,0.102919474,0.1172915,0.07520491,0.036977682,0.01470754,-0.03228092,-0.09067994,0.11247007,0.10455287,0.0068382323,-0.07143168,0.06250818,0.06483333,-0.019097118,0.050902173,0.025977395,0.030747363,-0.13583055,-0.06991279,-0.052950017,-0.10925126,-0.023390422,-0.04807889,-0.16580465,0.03130314,0.120507024,-0.10829617,-0.04060729,0.0029076464,-0.10085254,-0.060476538,-0.17007267,0.10981152,0.082318,0.09699011,0.03179571,-0.08592976,-0.075661816,-0.033229336,-0.06403629,0.0588737,0.063104734,-0.22066222,-0.02181259,0.059788615,0.0793038,-0.079026826,0.005555031,-0.13845493,0.08691558,0.022276683,-0.06430347,-0.04987798,-0.08174845,-0.0831783,0.09355158,-0.045073994,-0.021185676,-0.10668098,0.018839693,-0.03694864,0.10026297,-0.0726256,0.18637064,0.017618315,0.024019448,0.035366997,-0.16799816,-0.029223114,0.03123288,0.151281,-0.003165938,0.02143345,0.041538253,-8.309199e-05,0.09176416,0.08635902,-0.10441539,-0.022548132,0.09116639,0.059922397,0.113889866,0.0063342843,0.08699384,-0.06683321,-0.046086147,-0.043001615,-0.12601443,0.024298137,0.19787472,0.081491865,0.031873748,-0.08617483,0.1793099,0.07444494,-0.1260787,0.047815796,-0.039650653,0.058262147
0.04773489,0.022700379,-0.08729922,-0.096398674,-0.1171628,-0.0752737,0.0706751,-0.0028026327,-0.0008449035,0.05620803,-0.07058981,-0.034734376,-0.070063666,-0.02210249,0.111782335,-0.047212146,-0.16473137,0.093624085,-0.1540664,0.04538977,0.071507156,-0.05719676,-0.03831681,-0.044317827,-0.07127171,-0.16179302,0.038306266,0.010765119,0.23996025,-0.066889085,-0.04693605,0.065676495,-0.05924128,-0.08158221,-0.042469654,-0.10263178,0.09741194,-0.0073766373,0.038717173,-0.011169187,0.12848862,-0.0073371287,0.06234349,0.007870862,-0.06766751,-0.039705493,0.09389921,-0.037974723,-0.16367054,-0.010433038,0.015954165,-0.08012438,-0.2184462,0.038238052,0.08734202,-0.08574712,0.06925997,-0.13671795,-0.09669663,0.0653695,-0.11442193,-0.023633154,-0.09179376,0.18360253,-0.18167412,-0.052547637,0.04729564,0.18843558,0.18168914,0.12114305,-0.008172115,-0.0032317329,-0.013531777,0.004938232,0.02657671,-0.17665899,-0.05183436,-0.0060197418,-0.0059289443,0.011316111,0.038621537,0.071884386,0.04525574,0.058938846,0.04991297,-0.01567762,-0.1095198,0.024711763,0.04706753,-0.047868643,-0.019857638,-0.15254882,0.052094664,0.036226917,0.12628256,0.022713851,-0.034900285,-0.06309574,-0.00072515087,0.18014444,-0.14210412,-0.17912962,0.02233933,-0.17081954,-0.032978605,-0.007351933,-0.03472004,-0.020624604,-0.011705852,-0.108832605,-0.046513367,0.02725392,-0.075324446,-0.20971479,-0.077081785,0.08047289,-0.033423215,-0.063920714,0.04245385,0.060408752,0.088831075,-0.09336128,0.08313819,0.10209996,-0.06794188,0.030277552,0.056267563,-0.071840756
0.18214355,0.13162053,-0.050176933,-0.07220589,0.040049143,0.0018041509,-0.023927199,-0.1319825,-0.07066658,0.15338777,0.0018997549,-0.031390578,-0.121141255,-0.06802387,-0.077254765,-0.027226055,0.14305858,0.12643671,0.14957708,0.05332223,-0.08594026,0.25566134,0.10134681,0.064805545,-0.04948802,0.08232109,0.12620921,0.08196921,0.04297443,0.0024600218,0.004645848,-0.097313024,-0.1583159,-0.100135155,0.0673171,-0.039215237,-0.04694204,0.07880091,0.09649321,-0.056731433,-0.06640054,0.029811613,-0.08073424,-0.01891849,0.13493009,-0.12302367,0.06458684,0.06915319,-0.19320317,0.05138764,-0.08069451,-0.0065911585,-0.04167525,0.09509142,-0.04917506,-0.07974621,0.17316861,-0.11676328,-0.016963402,0.00032655714,-0.0060489615,0.07321044,0.06800127,0.0072269053,0.1269159,-0.08262543,0.027910955,0.070830345,0.1834459,-0.0043257927,-0.019923653,-0.1232627,-0.06960435,-0.018406833,-0.008244567,-0.025747685,-0.0068444093,-0.0774333,-0.021806693,0.0534079,-0.07348696,-0.07315041,0.011537184,-0.025162678,-0.09072834,-0.06443442,-0.12605496,-0.18997572,0.045734607,0.00059185625,0.0021361292,-0.0852146,-0.0027990765,-0.1282595,-0.008621939,0.09480739,0.03982201,0.046064854,0.018248755,0.010979372,0.08913296,-0.045244604,-0.0048259147,0.03276231,-0.14522506,-0.072725214,0.006683997,-0.10285288,0.098651215,-0.06952906,0.19079728,-0.16983254,-0.039324537,0.022216339,0.09561232,0.0018924613,0.02169621,0.10020151,0.05543148,0.19933851,-0.050015062,-0.04821883,0.053173974,0.023677308,0.017543051,0.09826829,0.10586881,0.08894989
0.046068065,0.018498147,-0.018872134,-0.16487968,-0.06966313,4.912753e-05,-0.094981834,0.05597165,-0.033617444,0.012765607,0.08161836,0.091354,-0.048934236,0.008048684,0.09140315,-0.054015785,-0.035898037,-0.11004349,-0.057834376,-0.15697014,0.13839565,0.033619855,-0.068937086,-0.0064770165,0.06492532,-0.053095102,0.14184384,-0.08511421,-0.006717162,-0.05692425,-0.06707428,-0.007854218,-0.048119448,-0.026119053,-0.07344902,-0.011427112,0.013364905,0.046795834,0.04696049,-0.07381064,-0.09395735,0.15347943,0.13988455,-0.058789544,0.06743305,0.1497056,-0.08558114,0.001017646,-0.003052032,-0.14497958,-0.03405636,0.046962384,0.011184482,0.05086929,-0.05523776,0.108402126,0.1304497,-0.07321857,-0.014636399,-0.12548713,-0.06922708,-0.06981732,-0.08344417,0.08632165,0.021338897,-0.020074788,0.03978895,0.0501881,0.14629605,-0.0590127,-0.059648264,-0.082440495,-0.15346803,-0.13257684,-0.032612767,-0.01711889,-0.0638114,-0.22517508,0.13104627,-0.063921444,-0.10342163,-0.12000024,0.015836112,-0.02088895,-0.06958414,-0.0029476823,-0.032655433,-0.21758577,0.0475537,-0.01963599,-0.20064028,0.08995551,0.0070913723,-0.087829664,0.012639776,-0.028884081,0.080343924,0.17437838,0.06724804,-0.08055627,-0.026151594,0.119860135,0.059717976,0.031934015,0.037261266,0.050642688,0.0599527,-0.096118756,0.05062973,0.21188577,0.18220569,0.10538515,-0.01865667,0.06179546,0.11133073,0.14915156,0.04790216,-0.04852797,-0.058132123,-0.111655705,0.02250595,-0.05397938,0.014308332,0.028028745,0.08788544,-0.14942525,0.058934517,0.17568654
0.061230876,0.18524888,-0.026599018,0.05806914,-0.042632725,-0.030589608,0.09827362,-0.13115989,-0.0124539705,-0.023766724,-0.06815681,-0.028072786,-0.18507451,-0.0996979,-0.110828616,0.005688305,-0.021195969,0.04665604,0.040109906,-0.014374347,-0.096732125,-0.02835662,-0.03261067,-0.0081244465,-0.08982017,0.061276786,-0.038927805,0.10686877,0.001322404,-0.034851734,0.08280201,-0.08032601,0.02475207,0.16028248,-0.042195935,0.0360983,-0.0056537804,-0.019661479,-0.082746506,0.03360492,-0.11892225,0.027586712,-0.004709524,0.018397115,-0.025826719,-0.12075594,0.040126305,0.058637608,-0.0788651,0.045759663,0.09360342,0.091272846,0.02655817,-0.004936468,-0.04825177,-0.037380237,0.012737379,-0.07453627,0.06621692,-0.0009852137,0.04305137,0.15107086,0.08602635,-0.015894061,0.077999584,0.009895853,-0.051881213,-0.19483946,-0.19561864,0.06722174,-0.095877714,-0.100715645,-0.09374742,0.013939974,-0.008407214,0.114540234,0.056048874,-0.017212499,-0.0896994,0.14407837,-0.02742147,-0.06532094,-0.08426268,-0.03522947,-0.09015181,-0.0663454,0.11521221,-0.23234342,0.025572684,0.050217856,0.24143462,0.16634545,0.063120894,0.036997743,0.033770885,-0.032470588,0.04582769,0.018518303,-0.020572973,-0.1126472,0.17819531,-0.022033071,0.058948282,-0.12585683,-0.016825562,0.12378096,0.005884202,-0.024405504,0.18250555,-0.1025628,0.14050286,-0.1278744,0.1756007,0.18457252,0.08373876,-0.004028788,-0.09101972,0.14620402,0.17088193,-0.011754479,0.02169732,0.055091616,0.07481352,-0.0032938384,-0.01936607,0.01644763,-0.08744773,0.010972647
0.113673456,-0.04892535,-0.010084538,0.063617274,-0.05721232,0.033436786,0.0545665,0.030658219,-0.0914837,0.15150103,0.1253197,-0.028395591,-0.10852566,-0.06277997,0.0114711085,-0.06821954,0.06270628,-0.1625881,-0.1346083,-0.05782738,0.05275787,0.054868568,0.07590623,0.056740575,0.0045374446,-0.17969798,0.022008846,-0.07188889,0.2106948,-0.059432015,-0.17818244,0.015109433,-0.2843934,-0.031448584,-0.10932028,-0.03917551,-0.07375352,-0.030635394,0.045065187,0.08730939,0.038793676,-0.032692935,0.13991271,-0.043223593,0.007911612,0.021610448,0.019441769,0.014248358,0.0026518763,0.06578056,-0.08746279,-0.08977535,0.06926968,0.0891337,0.009460972,-0.0305202,-0.032200374,-0.01949663,0.021177119,-0.07684221,0.06165791,-0.017576363,-0.064581744,0.11401571,-0.048730146,-0.11590588,-0.018157283,0.19598782,0.22122152,0.07660324,-0.004088021,0.08373168,-0.08107909,-0.009768439,-0.07157825,-0.122693576,-0.0024688765,0.049780507,-0.035228476,-0.0692828,-0.052025914,0.072984286,0.0905846,0.043042514,-0.047819573,0.0023970362,-0.026069991,-0.0104568815,0.0054900134,-0.12873933,-0.23999874,0.05546793,0.0025681572,-0.005781856,-0.016590165,-0.0025243927,-0.05425955,0.20427719,0.0059045875,-0.049423095,-0.02702283,0.0067622224,0.20424354,-0.16453227,-0.0312006,-0.043361384,-0.08991181,-0.103759445,-0.0033483354,-0.0692842,-0.07310884,0.08242623,-0.030120993,-0.04455489,0.0032726633,0.047208223,-0.03488265,-0.049450826,-0.054657944,-0.026918849,0.09283807,-0.023425106,-0.021628117,-0.14090258,0.18125585,-0.05303088,0.03694364,-0.18740442
0.07817941,-0.01948776,-0.02442723,0.0076397476,-0.10004768,-0.100948006,-0.0031178773,0.011210274,0.06031863,0.07427208,-0.11106184,0.009661058,-0.048221655,0.018978031,0.03861705,-0.16126762,-0.16121878,0.09242952,-0.1238258,0.11220876,-0.016116315,-0.013814633,-0.0089999335,-0.081194475,-0.14377949,-0.2234795,0.115930416,0.017697608,0.14740036,-0.07237618,-0.061149806,0.111337274,-0.026710665,-0.026722636,-0.15628612,-0.04711309,0.009178092,0.057310067,-0.007249579,0.030964468,0.07409387,-0.08465578,0.08300339,0.04541407,-0.058151037,-0.10417136,0.070825614,0.076545805,-0.23490748,0.021272777,0.018861169,0.025452089,-0.02291931,0.07451972,0.06870031,-0.058960225,0.113769315,-0.1511669,-0.104759194,0.027999979,-0.13266084,0.0075982553,-0.0055940463,0.12135005,-0.0124162175,0.020083237,-0.03417147,-0.03385872,0.1405173,0.14674184,-0.00012555474,0.08050413,-0.1039933,0.06205492,0.05661123,-0.2359317,-0.041774932,-0.030435693,0.037626117,-0.041566912,0.056486838,0.032566268,0.03553485,0.06527961,0.051970545,-0.120842606,-0.10434105,0.058555096,0.0026564728,-0.014429359,0.02422264,-0.20686157,0.11560272,-0.045645177,0.025512703,0.039678574,0.029740073,-0.11322928,-0.10827053,0.17969638,-0.08824947,-0.12971339,-0.04655787,-0.17086075,-0.07382164,0.06913351,-0.021111786,0.00021706162,0.05321011,-0.12224161,0.0060164314,0.010346724,-0.05582615,-0.18591312,-0.06273181,0.108693525,0.061691724,0.08731151,-0.00080073345,0.17149588,0.082812704,0.05645724,0.096473135,-0.0018443777,-0.04227588,0.044849362,0.033246856,-0.01389632
0.03954755,0.08944943,-0.11744853,-0.029572181,0.006429829,-0.14748457,-0.0807525,-0.20718454,-0.0139640095,-0.065714814,-0.0026908678,-0.07748708,-0.24147294,-0.11962299,-0.041971695,0.057014942,-0.036229357,0.055620827,0.1332898,-0.049875904,-0.052140042,0.046615094,0.04843667,0.06625659,-0.111523755,-0.008600962,-0.021055518,0.22276706,0.087360114,-0.076486364,0.053090252,0.025182841,0.04282923,0.017626258,-0.04818832,-0.068033166,0.06923111,0.025482649,-0.008368256,0.017314732,0.07692774,0.08747733,-0.010633878,-0.03898924,0.17627929,-0.005123163,-0.053846907,-0.1025013,-0.059017453,-0.051880147,-0.048800185,0.05253323,-0.0604624,0.076452725,-0.011974394,-0.14791617,0.031868152,-0.05786015,-0.030762747,-0.10388102,-0.0909516,0.14833213,0.018553037,0.068737425,0.19640166,-0.14049627,0.027378814,-0.12065706,-0.08770703,0.010814678,0.004673942,-0.16997272,0.07555349,0.047464956,-0.058672536,-0.007422476,0.016470516,-0.23377316,-0.03340101,0.07459284,-0.0410075,-0.099356025,-0.0074602393,-0.039441824,-0.04177058,0.060104404,0.062753186,-0.087196015,-0.05488451,0.13122718,0.12515308,-0.019128663,0.08240572,-0.067384936,0.122346096,-0.043635163,-0.1090494,0.084092215,0.058797408,0.058181506,0.14670612,0.06998473,-0.023934264,-0.058547173,-0.0041661686,0.058908243,-0.08815071,-0.09885487,0.07640664,-0.002593997,0.20116724,0.03253922,0.034642305,-0.026696451,-0.03789566,-0.07499295,-0.14484996,0.002193692,0.16664714,0.017076207,0.006393361,-0.029431062,0.19776161,0.09830631,-0.092053615,0.028282244,-0.048935752,0.09866774
-0.080481894,0.04576774,0.052293286,-0.0975592,-0.040743627,0.11613116,-0.09607939,-0.031888522,-0.018941075,-0.003942533,0.048404925,-0.09453758,0.14867504,-0.17512585,-0.072707824,-0.03071129,0.26895297,0.16848832,0.11333052,0.09387638,-0.12380639,-0.012331536,0.073061496,0.04683539,0.065312035,0.022959385,0.13770461,0.12987967,-0.11018705,-0.025022049,0.051671058,0.048714038,-0.056941796,-0.010339154,0.05939673,0.036194447,-0.12918893,0.024977151,0.033350464,-0.107454546,-0.18249775,0.03885552,-0.2220266,-0.08299264,-0.09285119,0.013808275,0.11706425,0.10824101,-0.009608156,-0.07851787,-0.020811437,0.05785683,0.049107067,0.034568958,-0.08077882,-0.03943803,0.002963132,0.12951607,-0.05873191,0.008307648,-0.07650435,0.14174715,0.016910983,-0.059846483,0.17269677,-0.023848038,0.031124637,0.06780459,0.12251251,-0.039599795,-0.076984085,-0.20120272,-0.1583891,-0.084132835,-0.004063613,0.04205091,-0.053172898,-0.11168963,0.06573994,-0.006848349,0.021890268,-0.026617834,0.038752116,-0.05348948,-0.00080220774,0.0474163,-0.032010555,0.008571603,0.062182177,-0.10035188,-0.037554633,-0.08598613,-0.02099189,-0.06920354,-0.037013095,0.053949248,-0.09331217,-0.18511052,-0.053866737,-0.007832282,0.043616213,-0.045905717,-0.055376194,0.10956456,-0.011716128,0.009363619,-0.035358246,-0.11127133,0.06606388,0.099680886,0.0013256503,-0.10377347,-0.010368139,-0.095120825,0.12355752,0.116656914,0.022264242,0.042470623,0.021507407,0.18329982,-0.101078324,-0.064749636,-0.009164535,-0.012521892,-0.09634476,0.11512579,-0.11711942,0.14529853
0.1018526,-0.020934014,0.07401709,-0.27708507,-0.085018344,-0.060287062,-0.031578347,-0.063478686,0.014961989,0.08670894,0.03206129,-0.03668929,-0.1766294,-0.14876983,0.15266344,-0.09105024,0.041842148,-0.06853538,0.017019268,-0.010740992,0.046704292,0.01520556,0.093232535,-0.15864308,-0.12910496,-0.2080881,0.24180293,-0.046079304,0.024424149,-0.06923151,0.09305026,0.039912034,0.06034478,0.061581504,0.020991685,0.024504054,-0.030946396,0.09233714,0.009554365,-0.12309114,0.10403033,-0.0118307695,-0.04751981,0.091892086,-0.07528863,-0.037316956,-0.0612332,0.02162127,-0.046980474,0.039982885,-0.08096566,0.11270868,0.06049027,0.05498458,-2.8683682e-05,-0.116828784,0.112414554,0.08040385,-0.0034531732,0.10904531,-0.07715198,0.0632757,-0.0059132027,-0.012568369,0.039930437,-0.07046535,0.080008626,-0.003033985,0.18306509,0.085534245,0.051812995,-0.10107039,-0.10590004,-0.09252649,0.0903082,-0.08427652,-0.061507348,-0.10598934,0.19307198,-0.091222666,-0.09714534,-0.024050685,-0.029598089,0.017844964,-0.086093605,-0.0045320704,-0.0011988789,-0.038380288,0.07806119,-0.07772509,0.08222557,-0.08315033,0.1333552,0.042205494,0.012598761,-0.11021667,-0.19814965,0.029051803,0.0118759405,-0.005236439,0.014554799,0.104220934,0.052077524,-0.11179046,-0.11246992,-0.055658095,0.041122843,-0.16755219,0.01747585,-0.07342912,0.09204549,-0.004119223,-0.05762027,-0.0787678,0.0071912105,-0.05739896,0.05369251,-0.040568575,0.030123172,-0.087989576,0.08482309,0.1217342,0.13810691,0.15788727,0.034917627,0.077830724,-0.014955838,0.0032220965
-0.114587106,-0.10172168,-0.15112822,0.08581128,0.0430938,-0.055016447,0.034140915,-0.03038412,-0.15038839,-0.002672867,0.018458813,0.031091189,-0.09527237,-0.005762857,-0.037533317,0.030297076,0.059948318,-0.011495096,-0.11952571,-0.037841823,-0.11032548,0.08200744,-0.053378597,-0.035510816,0.059857022,-0.027449265,0.017873645,0.07945797,0.14134093,0.023437005,0.0016598653,-0.048118047,-0.04445696,-0.058725342,0.10074144,-0.05597731,-0.03665254,0.119775504,0.03256459,-0.017687244,0.099364005,0.13087605,0.051564805,-0.07063565,0.036002334,-0.06479815,0.26040268,-0.09973691,0.115220495,0.075487584,-0.02688726,-0.054560862,-0.05321362,0.13688196,-0.00991245,-0.226377,0.039547306,-0.01680144,-0.0750691,0.060313735,0.105916016,0.091417044,-0.22784077,0.14368747,-0.044014122,-0.008743395,0.12012404,0.14134277,0.1089789,0.020180779,-0.09918541,-0.07290304,-0.040321007,0.04472324,0.05447056,0.005279983,-0.047672503,-0.039507415,-0.07334098,0.06814971,0.04779026,0.07919162,0.07095442,0.1023965,0.06789109,0.05527618,-0.13061532,-0.035883415,0.018992335,0.022307016,-0.11882711,-0.03225721,-0.1305927,-0.08456361,0.19067983,0.0038031398,0.016200691,0.1563448,0.008409244,-0.017510688,-0.039319426,-0.0031848303,0.048004493,0.030618325,-0.17635241,-0.071883105,-0.0030962087,-0.13263981,0.016337732,-0.14356034,-0.19110154,-0.05852409,-0.038968798,-0.060584866,-0.006641681,-0.0072121243,-0.10633301,-0.17595743,-0.11558679,-0.09359787,0.043155335,0.044123933,-0.052650128,-0.032085065,0.105362765,-0.014559989,0.16065641,-0.07210862
0.11826791,-0.030005028,0.0058102235,-0.04862462,-0.0014412737,-0.12531659,-0.028032886,-0.046600368,0.08961844,0.12487496,0.054580323,0.03710875,-0.10112899,-0.05899948,-0.027423287,-0.14230488,0.01686258,0.10183895,0.078019604,-0.05423512,0.047120664,0.008522758,-0.05283244,-0.06641725,0.07594302,-0.061492156,0.08437314,0.10414246,0.03760439,-0.06612036,-0.04461205,0.14627275,-0.07049929,-0.08698029,0.011720617,0.10664349,-0.13522498,0.0098019065,-0.0866073,-0.042354207,-0.05447646,0.032511577,-0.15391693,-0.028825384,-0.026578087,-0.17635489,0.1952694,0.058857005,-0.04379206,0.019750826,-0.06848394,0.10326375,-0.02769435,0.13117185,0.09337369,-0.064626314,0.007110441,-0.11311648,-0.27283892,-0.0026314827,-0.08748743,0.11141187,-0.0013639292,0.01265944,0.20005715,0.042785868,-0.019926487,-0.056445338,0.15666841,0.06108093,-0.14525944,-0.0025928665,-0.040914502,-0.08630022,-0.08336282,-0.02150736,-0.031689044,-0.115224175,-0.026697814,-0.082664065,0.021509947,0.011345524,0.0006507726,0.009443389,0.09905519,-0.08678102,-0.11641625,0.1112482,0.042012155,0.1301101,0.008565435,-0.13910684,-0.074391805,-0.01201081,0.081166126,0.082419455,-0.042439584,-0.011178079,-0.18713742,-0.049129546,0.11073105,-0.20728491,0.071865045,-0.12559135,-0.07738314,0.15346079,-0.09191996,-0.054735824,0.028791623,-0.0010218769,0.018697556,0.024127025,-0.10625125,-0.1528223,0.0015419676,0.14575326,-0.0245747,0.111983694,-0.044417668,0.091010965,0.0063354275,0.075511746,0.00020071224,0.026189506,0.022461448,0.15924904,-0.027374385,-0.029275706
-0.11114346,0.17137069,-0.014534503,-0.060881827,-0.004617055,-0.09001626,0.023245137,-0.07179461,-0.097893335,-0.05289609,0.053744256,-0.056776408,-0.1796116,0.105811715,-0.06840475,-0.039327443,0.07266584,-0.06098543,-0.059306856,-0.059990942,-0.005345212,-0.07833437,0.006090371,-0.046017833,0.091581866,0.020579424,-0.056097332,0.036950596,0.08187042,-0.17851153,-0.086543806,-0.12273,-0.12032401,0.19066602,0.046873853,0.011350398,-0.09407499,0.13442788,0.0070963814,0.057898432,-0.014624266,0.2029901,0.07386632,-0.03867604,0.16370337,0.06599427,0.06326202,0.037263166,0.032314654,0.14050321,0.023066206,0.046092477,0.037009757,-0.071647964,-0.042785704,0.023394272,0.0057821237,-0.08802632,-0.08513691,-0.03192009,0.05182485,0.074135795,-0.061562438,0.098646484,-0.06534976,-0.044513866,0.010777003,0.10850068,0.040143065,-0.02636365,-0.19298244,-0.058416784,-0.10434337,-0.103157446,-0.09188496,0.11996562,-0.104742564,-0.12625414,0.019341206,0.08454906,-0.13821228,0.096556365,-0.0056797136,-0.0072662923,0.029993538,-0.010754472,-0.014761363,-0.15618937,-0.039063115,-0.043578293,0.025009185,0.19902739,-0.026430555,0.053393006,0.017575743,-0.1059835,0.033249963,0.119005084,0.19556531,-0.03705065,0.024255456,0.16106151,0.0007273869,-0.10087861,-0.083457984,-0.007220408,-0.015002568,0.019101948,0.023392195,0.0965186,0.024998484,0.050090592,-0.022351285,0.06924101,-0.06618178,-0.02243162,0.17493396,-0.18116404,-0.07326027,-0.093508735,0.05308917,0.088347256,-0.101462595,-0.10736415,0.11665442,-0.18619265,0.03373967,-0.021371622
0.15774699,-0.012526495,-0.08729902,0.024524225,0.06387179,0.031388044,0.05381388,-0.08913261,0.047161352,0.08944954,-0.17051415,-0.041882943,0.013185133,-0.057971943,-0.12845679,-0.057508778,0.003539229,0.14021665,-0.03475865,0.07004279,-0.10167132,0.13640153,0.077009216,0.011719138,-0.1172687,-0.12021959,0.08798106,0.092169024,0.032457575,-0.050196406,0.011193156,-0.013829223,-0.09319432,-0.0014086963,-0.034698214,-0.120066114,0.048498318,0.041435666,0.04478014,-0.07983544,-0.044804826,0.0815548,-0.065883614,0.07137793,-0.03779105,-0.056845095,-0.010531358,0.20301813,-0.15361586,0.00052661414,-0.0039510075,0.031392902,-0.10673992,0.13237566,0.06297363,-0.1159761,0.048192587,-0.102715604,-0.08296259,0.019304276,0.019233542,0.12205367,-0.081023835,-0.0023142209,-0.048774753,0.0107615795,-0.013624261,0.19079278,0.114804834,0.023041647,-0.028548328,-0.032151315,-0.09443122,0.08917696,0.08768581,0.01984784,-0.06962973,0.1337887,0.067821264,-0.018498277,0.010281387,-0.09662017,0.08417417,0.01606205,-0.10943672,-0.07738153,-0.19685827,0.034436546,-0.05028335,-0.05044985,0.04727577,-0.09988391,0.14531738,-0.036767416,0.06606228,0.091479406,0.06532311,-0.09117874,-0.1668191,0.27093786,0.047125418,-0.1023099,-0.16124907,0.052593987,-0.10694174,0.0014991893,-0.042380955,0.0070308014,0.025928553,-0.16407537,0.032018166,-0.18880127,-0.06803578,-0.1042273,0.0463734,0.0019307521,0.08001912,-0.004941412,0.0293982,0.17370923,-0.055647228,-0.0787403,0.10884107,-0.025019642,-0.13540117,-0.008164598,0.030562991,-0.008703675
-0.073335394,-0.05391159,0.07537844,0.10065435,-0.0392565,0.094637014,-0.09380294,0.1520173,-0.14498805,-0.09529448,0.10606276,0.06428796,0.050913174,-0.016146073,0.061950002,-0.013158418,-0.045348085,-0.05492675,-0.047145803,-0.13189934,-0.052649494,0.020250758,-0.019947518,-0.01816966,0.20440702,-0.019830456,-0.10861126,0.060372435,0.094131365,-0.0070868134,-0.006221418,0.08508963,0.033843074,-0.0027389582,0.08794979,-0.19155696,0.018304806,0.09067479,0.030976193,0.11488347,0.13466015,-0.076255195,0.04124189,0.008561692,0.009840658,0.050786328,0.038954698,-0.05748256,0.056869525,0.015141727,0.036779955,-0.086389735,0.08364769,0.013984084,0.01272135,0.0072517074,-0.11696096,0.23714638,0.061297,0.11071223,-0.018159602,0.026260145,0.015217796,-0.044458542,-0.12457612,0.025359085,0.016756548,-0.014795172,-0.19808854,0.0070913536,-0.12221866,-0.062910214,0.042370435,0.009733765,0.06084191,0.025293887,-0.04531753,0.12483019,-0.016711192,0.1050352,0.08521287,-0.017080326,-0.037556957,0.00647083,0.21469769,0.122059464,0.02612006,-0.054240927,0.024793204,-0.0154437255,-0.08479128,-0.0050354907,-0.04543579,0.16033769,0.18324403,-0.03420375,-0.033077426,0.080599815,-0.015881117,-0.048734844,-0.059791006,0.08105851,0.20991951,0.111783884,0.026866099,-0.20358782,-0.03730792,-0.20220466,-0.033512313,0.08875254,-0.04164823,0.030047594,0.04451954,-0.0013406782,0.08050229,-0.08994712,-0.00014289038,-0.11323815,0.08460276,-0.06820313,-0.007634154,-0.034067,-0.21136053,0.059307266,0.025399677,0.0842701,-0.08923112,-0.18660103
-0.091379054,-0.04109619,-0.14211906,0.06679465,-0.03261053,0.004719057,-0.109203,-0.15740919,0.013894767,0.006082611,-0.06127809,0.07295943,0.04377519,-0.05369561,-0.20175818,-0.06885758,0.111163974,-0.116586894,-0.06847335,-0.075077094,0.082842365,0.18028964,-0.045314968,-0.0086588515,0.16533783,-0.0589912,-0.019903354,0.005237378,0.094073124,-0.050605644,-0.010743635,-0.051033027,-0.17709047,0.1136571,0.10284009,-0.034580223,0.12185184,-0.0054421443,0.014364655,-0.08602854,0.22910786,0.13846973,-0.16156851,0.031718895,0.15088646,-0.01977223,-0.035885435,0.10062286,0.04183128,-0.0069353133,-0.05525068,-0.0543517,-0.05491984,0.11284998,-0.053106014,-0.06006546,0.0064352425,0.11368185,-0.01831703,0.023734426,-0.022143776,0.07499023,-0.037492156,-0.010675851,0.08020329,-0.019860705,0.0901594,0.019312883,-0.052301846,-0.017099556,0.057582065,-0.03161783,0.18422604,0.021622201,0.030945793,0.069364324,-0.084988974,0.19039243,-0.10682763,0.04439706,0.073191054,-0.033087127,0.03289326,-0.0030884836,-0.025922531,0.11938031,-0.07921806,0.09472509,0.048220452,0.20041697,-0.08280157,0.076377995,-0.058147497,-0.013093602,0.14922339,-0.0030895204,-0.032625716,0.06764721,-0.0025011864,0.0707042,-0.051296327,-0.0038540429,-0.11823565,0.07094236,-0.18022539,0.056596413,-0.09939298,-0.17455287,0.006990048,0.034146328,0.004962059,-0.04398055,-0.054992832,0.12113933,0.13210289,0.037230507,-0.072718084,-0.068889126,-0.053178903,-0.13772306,-0.077402346,0.0041529937,-0.07899192,0.19196483,0.03899239,0.0017386654,0.06471119,0.091315016
0.062174466,0.16596775,0.14863399,-0.14765692,-0.0013793344,-0.040031746,0.14443171,-0.11028322,0.01615759,0.040991135,-0.012009634,-0.056521952,-0.1120422,-0.002986834,-0.027413225,-0.14760089,0.1587916,0.10555752,0.096678145,0.065033935,-0.025630474,0.013709358,0.17107199,-0.025696775,-0.030887201,-0.06434563,0.13956401,-0.04918715,-0.09068943,-0.043167464,-0.018409824,0.022669295,-0.07228287,0.1746162,0.10229149,0.07455756,-0.21652566,-0.03335754,-0.06624789,0.07661856,-0.060004625,-0.01601488,-0.06314506,0.16097149,-0.013305739,-0.041376416,0.025624894,0.14002484,-0.10476599,0.11037553,0.121759094,0.095463075,0.057559423,-0.108965345,-0.1438237,0.04516178,-0.07847323,-0.009497631,-0.005567497,0.04342314,-0.17724799,0.03683089,0.19444513,-0.054535,0.1189155,-0.0547866,0.042165298,-0.11082054,-0.00994488,0.06791937,-0.14832823,0.0019344478,-0.16500738,-0.07268706,0.035695747,-0.030719629,0.02180913,0.024470536,-0.01171313,0.033726744,-0.008761435,0.013944591,0.024896987,-0.06346547,-0.016522476,0.10310615,0.038113404,-0.006880097,0.06255025,-0.013189829,0.21088248,-0.018426519,-0.0021770226,0.0385243,-0.06363202,-0.0798612,-0.02272425,-0.16102101,0.14845972,-0.10403278,0.06454102,0.018209463,-0.09738919,-0.1528884,0.018115217,0.034662955,-0.040768385,0.047398403,0.022025576,0.04149504,0.106436916,0.029533647,-0.020221263,-0.039250392,-0.13313474,-0.09383716,0.1503837,-0.040102903,-0.0031784016,-0.037662137,0.0145924715,0.18178941,0.0705282,-0.07953905,0.036640488,0.029010186,-0.06967679,0.055172715
0.061475027,0.0069228825,-0.077905074,-0.17333922,-0.12152069,-0.09337081,-0.06626394,0.021720314,0.007712589,0.043384776,-0.10740539,-0.03677321,-0.17658707,-0.100810125,-0.10029425,0.135517,0.0074562193,-0.06541299,0.16153249,-0.045258056,-0.07193972,0.11101632,0.055729505,0.0395006,-0.061370883,-0.024767011,-0.0027437496,0.17811796,0.14475341,0.008107285,0.06992911,0.012020915,-0.024065493,0.0290595,0.10103272,-0.15069085,0.17076153,0.101649545,0.111560985,-0.062978014,0.17059334,0.015701251,-0.028552147,-0.02693153,-0.033275366,0.016770525,-0.047766387,-0.14114028,-0.04828203,-0.086072244,-0.0052980958,-0.075169295,-0.16826433,0.061200373,0.02157458,-0.12854566,-0.0049111745,0.07686001,-0.051427245,-0.082055785,0.0498441,0.13185602,-0.009855719,0.0031855393,-0.033561546,-0.080680735,0.024287185,0.05888254,-0.03722617,0.0060279584,0.051990677,-0.1772708,0.08101735,0.05982351,-0.012718458,-0.15208761,-0.043481328,-0.035183314,0.10224368,-0.048472397,-0.072210975,0.020006599,-0.14484006,-0.058344,-0.02515916,0.07439783,-0.0077303913,-0.002127526,-0.04539768,-0.078751825,-0.0064069605,-0.011964215,0.04252459,-0.06801725,0.10697854,-0.07497847,-0.18914811,-0.09218496,0.13292347,0.30075914,0.006429619,-0.030167798,-0.033778995,0.14092678,0.011502441,0.041372906,-0.036630202,-0.14114894,-0.094371185,-0.13458522,0.15000221,0.01576026,0.069351986,-0.07790515,0.02710198,0.04743997,-0.116721004,0.012400613,0.078666165,0.05236261,-0.038739834,-0.07333259,0.010848992,0.11432578,-0.044462644,0.073511794,0.096667,0.02107982
0.11731687,0.02315791,-0.07444143,-0.15158579,-0.06850149,-0.025118478,-0.06455424,-0.10538227,0.119324416,-0.012045601,-0.09631795,-0.105141066,-0.06839545,-0.043980375,0.02746083,-0.00161557,-0.12169794,-0.025528248,0.09583996,-0.07253188,-0.03115301,-0.03451491,-0.07696877,-0.018060569,-0.11480592,-0.13608871,0.035601255,0.17511438,0.042507388,0.06969675,0.047630396,0.04194887,0.15723588,-0.0115782805,-0.0028159507,-0.097598724,0.0682598,0.13386527,0.03805925,-0.08977775,0.119002946,-0.028441994,-0.023947028,0.09013043,-0.05824865,-0.09173384,-0.014082437,0.0052762455,-0.06524405,-0.13834827,-0.05022175,0.08417233,-0.045386586,-0.0078122662,0.06346603,-0.1521273,0.022771034,-0.065564945,-0.11367854,0.083019175,-0.12738308,0.08097899,0.10510658,-0.15492691,0.085417315,-0.08741844,-0.011753265,-0.13415746,0.12372111,0.04030378,-0.072769545,-0.13724393,-0.023908624,0.01345899,0.06484647,-0.07459129,-0.1794315,-0.11295811,0.15345752,0.01054713,-0.1966639,0.011638632,-0.02868893,-0.04343888,-0.044415113,-0.0686729,-0.010590839,-0.103380345,0.01889814,0.010807351,0.20057143,-0.034589052,0.13172291,0.018234015,0.030211082,-0.07467841,-0.19866392,-0.025327682,-0.020120637,0.07484924,0.053760193,0.09437185,-0.06779676,-0.032752357,-0.07935051,0.05500794,0.0746414,-0.094133355,-0.043450873,-0.1004898,0.13436028,0.009715781,-0.023340276,0.0022385444,0.03696843,-0.040736344,-0.03064894,0.15709907,0.1528267,0.10124578,0.013161619,0.025807267,0.17395364,0.0672507,-0.040028714,0.16289233,0.025641104,0.10893886
0.07296984,0.12111723,0.09843118,-0.20031953,-0.0492695,-0.1337037,0.15579258,-0.12098622,0.014452437,0.0042141313,0.058654714,0.17035422,-0.036892414,-0.119113326,0.12166864,-0.13609533,0.13051645,0.013722296,0.08463732,0.012798854,0.08019369,-0.044422813,-0.046891835,0.042707667,-0.032223817,0.023102585,0.10686304,0.0015384271,-0.0403919,-0.061049785,-0.051398374,0.14817512,-0.06651746,0.11675352,-0.06741786,0.060158655,-0.13552375,-0.024668047,-0.11583772,-0.07785272,-0.1200005,0.013976895,-0.07999574,0.08220747,-0.110707134,-0.04768566,0.010951214,0.10994761,-0.13103099,-0.019754821,0.17955273,0.11725253,0.03502472,0.038569573,-0.1449819,0.06144748,-0.052386254,0.0091257645,0.01924086,-0.036298905,-0.24198858,-0.007481866,0.09262162,-0.04231056,0.056969527,0.010450724,0.09861874,-0.09178137,0.021566417,0.1735639,-0.056404058,-0.0774168,-0.022916378,-0.1524741,-0.017206278,0.071077056,0.045275196,-0.025908457,0.085996345,0.01875127,0.021239724,-0.09565142,0.0433805,-0.014605919,0.020757778,0.021488007,0.023712121,-0.02363984,0.17511642,0.06926042,0.078363046,-0.0025044822,0.020754294,0.02899291,-0.023543721,-0.017097218,-0.106465824,-0.023115085,-0.01730506,-0.21279342,0.13491821,-0.121430516,-0.061770808,-0.11369606,-0.07237768,0.106080964,-0.016695306,-0.09476174,0.10582789,-0.02525389,0.15330881,0.04898058,-0.03968869,-0.058770224,-0.008882948,-0.0154000195,-0.01558137,0.12363487,0.12951775,-0.08421673,0.07560276,-0.011711312,0.16656089,0.046345703,0.104725376,-0.014100309,-0.06880149,0.021337196
-0.1012781,0.16945745,0.01646401,0.012888814,-0.12488677,-0.19457744,-0.030615443,-0.09494771,-0.07158569,0.059833594,-0.08981771,-0.018472143,-0.08467949,0.022586256,-0.012578526,0.020953104,0.024588346,0.048909474,0.04942819,-0.01738249,-0.09998084,0.05259834,-0.033580694,0.035492156,-0.1941168,-0.032079805,0.07613402,0.19446303,0.007136255,-0.162876,-0.113565676,-0.073919035,0.08173433,0.009310773,-0.10753034,-0.058357622,-0.03123529,0.07437677,0.033899345,0.060410455,0.09399311,0.053252492,0.074484594,0.14599887,0.09932277,0.065947756,-0.08623957,0.052012496,-0.007681707,-0.1505739,0.04955961,0.12728587,0.026745496,-0.0026332648,-0.022244139,-0.050351612,0.048941843,0.017626945,0.058462143,-0.10591578,-0.089570865,-0.03884531,-0.21257775,0.006976521,0.21880777,-0.07804367,-0.03722261,-0.19477728,-0.16333602,-0.06419177,-0.11263634,-0.028473584,0.05745595,-0.0478072,-0.007740935,0.091539025,-0.05797976,-0.1301023,0.022109883,-0.007146284,0.07324142,-0.02806704,0.044042982,0.059885383,-0.021249253,0.023348628,0.13089806,-0.07744856,0.013724419,0.17068332,0.008394904,-0.11746618,0.0042940504,-0.2066476,0.09176551,-0.022603963,-0.0999947,-0.08872052,0.04846476,0.039134633,0.012990941,0.16531117,-0.14412715,0.0063557983,0.018659603,-0.06555552,0.0057765814,-0.03211605,0.024068544,0.028501851,0.12726843,0.11544438,-0.017874304,-0.04800513,0.09482594,0.05916134,-0.115256265,-0.11815849,-0.032341797,0.00334131,-0.07471158,0.115601994,-0.034249473,-0.042031806,-0.07280464,-0.108056866,0.08664013,0.10430627
-0.1136563,0.1640956,0.07931958,-0.048185684,-0.10540504,-0.1842178,-0.042976633,-0.107688814,0.0143873,0.072469756,-0.07923153,0.1227772,-0.039901033,-0.06080429,-0.1283198,-0.04291074,0.11224425,-0.10912025,0.069689296,0.012653961,0.024765288,0.07697601,0.0072985366,-0.05789888,-0.09922116,-0.0039487877,0.033926763,0.07647234,-0.029785234,-0.095425114,-0.0822188,0.092253774,-0.031919375,0.25214264,-0.056895,0.050219834,0.06271037,0.13046718,-0.07110776,0.034619927,0.04063258,-0.0052778926,-0.067780234,0.17007896,-0.01322684,-0.08846524,-0.16730459,0.029299077,-0.060550705,-0.12119001,0.042324226,-0.047365915,-0.012834426,0.02128504,-0.07067239,0.023760332,-0.030766902,0.17305641,-0.07546159,-0.028267954,-0.03923256,0.003213766,0.007895351,-0.026611483,0.1486993,0.020517373,0.037575547,-0.034861103,-0.19341013,-0.021336379,0.013830693,-0.060477514,0.016891588,-0.119493246,0.064884044,0.009588339,0.0336992,-0.016495155,-0.036519296,-0.11442303,0.09945756,0.015032206,-0.15465784,0.038051974,0.029511977,-0.09067486,-0.005037591,-0.07500846,0.11769001,0.0574287,-0.08792768,0.009979013,0.083697155,-0.12157936,-0.02957815,-0.06410875,-0.10976773,-0.15893734,0.099853486,0.15122004,-0.06919923,0.07533672,-0.29491395,-0.03890338,0.014002158,0.109015904,-0.0398628,-0.07442521,0.14342286,0.07086122,0.13428856,-0.017913701,0.07339735,-0.04148843,0.07908108,-0.084260695,0.053144798,-0.026451979,-0.067883916,-0.10262376,-0.063498124,0.085826606,0.006314033,0.09504821,0.012536763,-0.11352703,-0.058959864,0.10602088
0.08782386,0.068892024,0.16969946,0.03270357,0.038956665,-0.16780454,-0.008672123,-0.13585778,-0.08637619,0.051730838,0.110643126,0.14104387,-0.13791916,-0.15049213,-0.026955992,-0.054782737,0.07546821,-0.07996155,-0.037313174,-0.1462191,0.11602582,-0.0030595476,0.044912405,-0.017945513,-0.013162122,0.12123737,0.04102383,0.0342608,0.07095651,-0.068275504,-0.059621673,-0.12017859,-0.15817022,0.14447631,-0.063205555,0.07370447,0.006387766,0.013401947,0.06414917,-0.0125668105,-0.030850407,0.056772113,0.058080867,0.003111567,0.19625759,0.005089235,-0.070517346,-0.11238055,0.026280414,0.036178835,-0.00050975336,0.04749383,-0.0067046755,-0.028592473,-0.056507144,0.09434727,-0.014177759,0.05632779,-0.08593161,-0.12558201,0.050152082,0.014852549,-0.01103546,0.09464741,0.03384122,0.018165695,-0.068829834,0.0688983,0.053016502,0.11563238,0.11276555,-0.08697627,-0.038175393,-0.05331711,-0.08722975,0.19892143,0.07653255,-0.279996,0.02127415,-0.010684459,0.0358685,0.0065126987,-0.030646225,0.043922096,-0.036551498,-0.045464218,0.035041198,-0.124212384,0.06325984,0.052068867,-0.11896119,0.00045803568,0.06519322,-0.010591667,-0.025657032,0.0702489,-0.023785338,0.18589807,0.12698752,-0.07782956,0.145717,0.11172048,0.07136704,-0.021964341,-0.0383089,0.104944624,-0.08253983,-0.09276105,0.18781151,0.074220605,0.13516934,0.077536866,0.03826086,0.032681428,-0.022358136,-0.13130915,0.044091742,0.0038696215,0.13481994,-0.14413829,-0.10886325,0.05844416,0.06443922,0.06634647,0.16243488,-0.071894504,-0.03357227,-0.024097342
-0.010757403,-0.084960535,-0.061176684,0.07314254,0.05298325,0.03457802,-0.09641624,-0.047315527,-0.045946106,-0.0018089387,-0.03258694,0.061540037,-0.026043763,-0.004262417,-0.036713384,-0.070234075,-0.074354805,0.060993485,-0.13543501,0.040360723,-0.052418042,0.053017754,0.017389614,0.0063484185,-0.027338078,-0.07856221,0.09443916,0.10487365,0.25724393,0.020594232,-0.036098897,-0.059000656,-0.17169903,-0.019324787,0.07556377,-0.07991346,-0.08821049,0.011124626,0.0055931136,0.055468813,0.16028294,-0.013650443,-0.009443873,-0.12841225,0.0534997,-0.06602828,0.18129715,0.0072467243,-0.012566173,0.061876882,-0.041539717,-0.035789743,-0.109894805,0.27499977,0.061616056,-0.24831946,0.08126215,0.0066648778,-0.060361218,-0.065657906,-0.06788151,0.09704176,-0.14839785,0.09312489,-0.037571672,-0.015385032,0.053683285,0.04649023,0.07785396,0.032543782,-0.07573784,-0.03167478,-0.08473691,0.13971063,0.0446854,-0.14117691,-0.018924434,0.016200677,-0.1543069,0.0679515,0.07334407,0.06417684,0.10758997,0.021563005,0.12784922,0.03464886,-0.08002807,0.04731901,-0.0038987605,0.044712007,-0.10139116,-0.10358515,-0.13539292,-0.023096025,0.15993631,-0.030698318,0.109204054,0.09693945,-0.056952868,0.0552853,-0.060924754,-0.10266521,0.098127484,-0.021252925,-0.1907379,-0.16318896,-0.031239437,-0.053303402,0.08832624,-0.13968614,-0.10333956,-0.10847791,-0.04101948,-0.041130736,-0.015900662,0.11282882,-0.101522274,-0.029311676,-0.094402455,0.08200263,0.1455777,0.027426396,-0.036882985,0.07737442,0.04196192,-0.029277816,0.038746756,-0.07895834
0.17483062,-0.09240142,-0.1477154,-0.12695959,-0.002867772,-0.053783026,-0.060732137,-0.13726467,0.060445655,0.048568774,-0.04622521,-0.077849336,-0.19667697,-0.17299421,-0.025718365,0.07056242,-0.024098722,0.013388615,0.1751317,-0.15789637,-0.037620235,-0.015407162,0.10654225,-0.120798685,-0.009818402,-0.090072885,0.008898745,0.17447798,0.046613462,-0.03086325,0.0882018,0.070011534,0.032597855,0.01238662,0.005678833,-0.07961722,0.11104451,0.10786183,-0.0026897017,-0.050750747,0.036892902,0.040602293,-0.06627363,-0.09136477,-0.014996605,-0.056252968,-0.011881777,-0.12864666,0.020232905,-0.092011474,-0.093226045,-0.010434859,-0.11637645,0.15701796,-0.0004272396,-0.12710246,0.032081567,-0.0152328815,-0.14159477,-0.031786487,0.060279284,0.13161978,0.1305341,-0.06750468,0.10074779,-0.12184324,-0.07312872,0.014782914,0.1157368,-0.035806105,-0.0113653755,-0.18293281,0.06550297,0.044481974,0.016458768,-0.05303267,-0.061595276,-0.22240803,0.04991263,-0.060203087,-0.01360867,0.0038434598,-0.05789987,0.037555754,0.0061200326,-0.14656694,-0.005377953,-0.01814769,0.039665535,-0.124364324,0.02736972,0.08307478,0.10324925,-0.0035771644,0.032784566,0.019914571,-0.22211295,0.0024856348,0.0014702659,0.21025006,0.12240387,0.12236443,-0.051763263,0.043601006,0.02097436,0.12685727,-0.07620494,-0.0967692,0.0004028299,-0.062577985,0.13138993,-0.072172105,0.09181853,-0.0591338,0.0051845126,-0.064431466,-0.0337107,0.0065065804,0.014767339,0.032412972,-0.110306494,-0.0646895,0.0045948722,0.11330219,-0.078013815,0.097595744,-0.0051762513,0.053751566
-0.01951767,0.12384059,0.15236396,-0.15124816,-0.038111005,-0.060915854,-0.06023258,-0.07577488,0.09247908,-0.003855357,-0.101349704,0.049508203,-0.018058494,-0.08141205,0.0519673,-0.06419923,-0.067617096,-0.11681776,-0.043460954,0.0024614215,0.12654653,-0.052483562,-0.18478069,-0.16347477,-0.10425498,-0.071514815,0.053511687,0.109017245,-0.0035857288,-0.106398925,0.0107833035,0.083285846,0.090339124,0.15843552,-0.053778373,0.0748677,-0.02320265,0.063265815,0.017337328,-0.034272447,0.14946193,0.03943623,0.056196112,0.26403716,0.0753445,0.046401635,0.017140731,0.06985148,-0.08682348,-0.12097438,0.08469443,0.06323587,0.0072756973,-0.044914573,0.096236855,-0.08033262,0.101798326,0.106943406,-0.081760906,0.01804763,-0.051974222,-0.047564533,0.029925251,-0.09223805,0.073681496,0.031356633,0.08162992,-0.051116053,0.030434279,0.018136319,0.025261037,0.024411043,-0.06172129,-0.110234365,0.1338977,0.052695237,-0.038660992,-0.078043625,0.23671825,-0.08155611,-0.04188104,0.009693377,0.048974603,0.06792551,0.084970124,-0.0210896,0.050435897,-0.19153358,-0.0031986106,0.05178243,0.0013741273,-0.11926181,0.06876932,0.032597415,0.04871777,-0.08067212,-0.018872716,-0.12578478,0.004871823,0.14827265,-0.018603005,0.07874293,-0.088468954,-0.07018752,0.08971119,0.052429646,0.09236695,-0.06450865,0.115269355,0.057437215,0.12614894,0.11450984,-0.09039819,-0.046957903,-0.0016850658,-0.08509248,0.14761917,-0.08644988,0.04881056,-0.12751544,0.021323035,0.09812117,0.1700811,0.11659935,0.04737242,-0.14453971,-0.058608342,0.06416149
0.030667849,0.039261166,0.038291432,-0.1458986,-0.010048539,-0.042241015,0.24473172,-0.20347203,-0.0942597,0.17213216,0.16124827,-0.032802116,-0.077326715,-0.07331209,0.12952536,-0.18862335,0.07353758,0.10456933,0.057653245,0.072230734,0.040164,-0.022140866,0.06885209,0.055007868,0.009688687,-0.019744184,0.10052472,-0.030425591,0.13440381,-0.06735015,-0.0073086466,0.08679509,-0.06019185,-0.07365752,-0.048662726,-0.120727,-0.08434084,-0.011793851,-0.022076473,-0.13271056,-0.015912142,-0.031177722,-0.003580424,0.044422526,-0.04497597,-0.015932113,0.18162009,0.13718782,-0.21904325,0.019435996,-0.012101395,-0.0029836404,0.017588275,0.060704958,-0.036467325,-0.15415429,0.12809609,-0.053639047,-0.16946676,0.042943295,0.003163696,0.16050969,-0.039283864,0.11703017,-0.034363057,-0.11328934,0.11161738,0.08042728,0.25981238,0.040189873,-0.07155073,0.039692514,0.027995953,-0.049768675,-0.086417705,-0.03513722,0.00022753015,-0.043588396,-0.002661734,-0.021174774,-0.12173599,-0.025588844,0.030609982,0.0026140888,-0.07885718,-0.06892462,-0.0065714275,-0.0030620177,-0.041327704,-0.12408427,0.030332567,0.010506153,-0.054772403,-0.049337417,0.043295175,0.046987385,-0.041521464,-0.08663832,0.051053364,0.030654732,0.051278707,-0.15530036,0.052808333,-0.26547316,-0.10261895,0.041852105,-0.022384822,-0.04474342,0.043248247,-0.083899,0.11363691,0.07135985,-0.053979073,-0.03488647,0.010662112,0.1024268,-0.025634438,-0.007425327,0.031250704,0.091734774,0.011217588,-0.027984263,0.07609995,-0.097057536,-0.07988605,0.027464246,0.06453098,-0.061757274
0.040381633,0.15155253,-0.07795099,-0.15808399,-0.105804645,-0.03664894,0.04499267,0.06849911,0.021850845,0.035130464,-0.109328926,-0.13919812,-0.056418307,-0.102351315,-0.09883615,0.058222827,0.0989207,0.07784282,0.08828703,-0.040561326,-0.12094116,-0.10249382,0.17704643,-0.03458045,-0.036135454,-0.16022725,-0.004384941,0.1843438,0.041192032,-0.044315305,0.080007136,0.0023395882,0.013983673,0.06418405,-0.073371485,-0.08288574,0.07819298,0.05938123,-0.05078833,0.054479614,0.04997582,0.00064686546,-0.04775873,0.102360964,-0.050663233,0.063950755,-0.08626511,0.013016827,0.020480176,-0.10155519,0.005820612,-0.03589812,-0.13287878,0.08813296,-0.04177009,-0.052416664,-0.15434675,-0.024358075,-0.029752662,-0.021381069,-0.13974151,-0.0056160777,0.13436212,-0.09629153,0.057397723,-0.14359184,0.03414581,0.10906538,-0.08138624,0.02942711,-0.053810228,-0.1722019,-0.021346975,-0.022222403,0.13036619,-0.010550766,-0.01476117,-0.0021737858,0.049872845,-0.10969988,0.05700328,-0.055131137,-0.017670853,-0.063154675,0.057751264,-0.07029713,-0.113180906,0.06718711,0.033011056,-0.09452343,0.0656446,0.044252455,0.2204656,0.072202876,0.026405249,-0.027807552,-0.25706536,-0.11223232,0.025808562,0.049586523,0.028044086,0.1666179,-0.09322163,0.116101235,0.068332426,0.029513188,-0.21087207,0.0033601036,0.0042001666,-0.017790634,0.019297298,-0.016532514,0.10146511,-0.13137409,-0.13967629,-0.091625914,-0.064355195,-0.1309523,-0.02278155,0.07338206,-0.052779417,-0.067487,-0.05098988,-0.0656621,-0.17574438,0.013028381,-0.07491328,-0.02538307
0.07583224,0.06481673,-0.019225188,-0.19131532,0.05250284,-0.029908227,-0.00020554649,-0.04010354,0.02563241,0.11879997,0.005891929,-0.096674405,-0.09405377,-0.023826027,0.005011365,-0.08581179,-0.01041755,0.11879478,0.0633266,0.07016066,0.0042576776,0.073108345,0.03236076,-0.02751655,-0.07698969,-0.048502088,0.14961581,0.16323438,0.08229589,0.13121931,0.1260785,0.04202781,0.016830243,-0.07068234,0.00673522,-0.015073812,-0.08374739,-0.010485114,-0.18622215,-0.12213966,-0.06904337,0.07874501,-0.047855396,0.03211507,-0.13912399,-0.11659382,0.11917545,0.09597067,-0.11080538,-0.09474333,-0.045533147,0.10368326,-0.02555271,0.13522337,-0.05361393,-0.1760734,0.11349429,-0.12529373,-0.20431325,-0.0030712772,-0.077882156,0.15213583,-0.041020524,-0.02080299,0.06995172,-0.028213434,0.018852426,-0.017329551,0.13424228,0.0013145247,-0.027779575,-0.001600032,-0.111329906,-0.076273896,0.06160613,-0.077221006,-0.017530119,-0.033207826,0.066377334,-0.040739994,-0.028326333,-0.079384625,0.14861162,0.01498696,0.2399233,-0.06454195,-0.08917622,0.0069106705,0.036708593,-0.11857698,0.11822869,-0.024892509,-0.03254376,-0.038556457,0.020480374,-0.09192341,-0.008904325,-0.20818895,-0.1706334,0.06499506,0.060862903,-0.119066484,0.014639351,-0.034591597,0.08080847,0.12930062,0.016423421,0.028977843,0.087708764,0.0027695575,0.03982188,-0.08339699,0.081797145,-0.15768506,0.053818237,0.041254267,-0.0690539,-0.0042894157,0.02748168,0.06775084,-0.05761947,0.01632638,0.22367094,-0.029070517,-0.086811565,0.07887833,-0.032794263,0.052139048
0.039258786,0.07052043,0.03421256,-0.024753615,0.055631485,0.12432821,0.06510354,0.026055565,0.041749325,-0.015495012,-0.015506734,0.06586664,0.05024342,0.0018045873,-0.15988731,-0.12726307,-0.07659446,0.02603398,-0.04737504,-0.08661988,0.1593007,0.03374736,-0.01229698,0.094309255,0.079460815,-0.054411374,-0.16903497,-0.07749846,0.15486692,-0.046865176,-0.107629545,-0.09088181,-0.2370809,0.0066661406,-0.025897238,0.1234006,-0.14770538,-0.060124796,-0.026351511,0.06778336,-0.00594786,0.13251391,-0.0022124914,-0.072375946,0.15006602,0.07661298,0.08033672,0.09677681,-0.05842833,0.017563842,-0.06453937,-0.039509878,0.053946014,0.030321572,-0.016169785,-0.00075087714,0.04788091,-0.07217677,-0.08425674,-0.07521548,-0.012957787,0.064538784,-0.08167217,0.032147735,-0.13250911,0.055923928,-0.049871303,0.15832965,0.17934714,0.092576474,-0.0041646217,0.16444217,0.0006342945,-0.1344156,-0.05826421,0.009984367,-0.10814957,0.12554426,-0.055774905,0.085382774,-0.06177426,0.047238145,0.11637867,-0.011024994,0.076410934,-0.0691063,-0.025189666,0.022733612,0.008869719,-0.057235893,-0.11130028,0.08491084,-0.10245681,0.09456637,0.032896083,0.03327068,0.1652391,0.120618165,-0.010358155,-0.054389283,-0.0491678,-0.047473937,0.22923476,-0.16246724,0.025580935,-0.02090482,-0.21332312,-0.018838841,0.0929298,0.034827568,0.059272196,0.053352173,-0.0003371034,0.06647875,0.046210963,-0.0034270547,0.009985622,-0.024309391,-0.1423767,-0.03048803,0.07726688,-0.019888952,-0.027236663,-0.08554147,0.21582338,-0.12734997,0.08292756,-0.064252734
0.05751885,0.0037335497,-0.022319602,0.13798468,0.083833836,-0.077086106,-0.0038104584,-0.016126981,-0.015252344,0.0037611395,0.014229326,0.14783087,0.028682409,0.029114792,-0.075233966,-0.098599456,-0.095542684,0.079767585,-0.10508355,0.016071392,0.1525347,-0.034179743,-0.068533845,0.040540982,0.015981533,0.094434775,0.026536651,0.10642917,-0.08936503,-0.0026303635,-0.13641295,0.01727572,-0.13153021,-0.01438451,-0.04229911,0.008337575,-0.2206211,-0.12020262,-0.1057157,-0.09941068,-0.17284085,-0.009722884,-0.017537333,-0.15360287,-0.003449931,-0.07829365,0.11509888,0.032721467,-0.071747564,0.015220132,0.10986969,0.10199152,0.011401514,0.08494833,-0.16836941,-0.10511321,0.030836651,-0.028858256,-0.086751424,-0.095404536,0.05098318,0.06671073,0.058247272,0.089711405,0.12031192,0.10688864,-0.10731216,0.021339335,-0.03979296,0.0023466265,0.08953171,-0.10708135,0.003774753,-0.118347794,-0.14337254,-0.004313525,0.07314917,-0.044407796,-0.13815932,0.0011714404,0.0018703338,-0.039648574,0.0057847425,0.026686175,0.120582156,-0.046255883,-0.00406039,0.0024619503,0.041911524,0.018806774,-0.0856059,0.10721655,-0.027977636,-0.05298056,-0.14731173,0.04709482,0.17611237,0.11078773,-0.02758828,-0.068526104,0.025992084,-0.108860165,-0.069232665,-0.1392804,0.006853175,0.068276905,-0.10722416,0.049833857,0.15185624,-0.03305781,0.14592634,-0.167236,0.014607095,0.05722837,0.19543834,0.10789442,0.07543876,0.22513467,-0.117385946,0.058260716,-0.04700855,-0.060141373,0.024195857,0.04530577,0.10557628,-0.041373365,-0.058434837,0.113548115
0.019626576,0.14428811,0.0977132,-0.13524415,0.060326815,-0.10547807,0.09207162,-0.14754373,-0.0634847,-0.0011181107,0.024590474,0.036126513,-0.07073522,-0.05765554,0.008097554,0.0098517435,0.21590784,0.10670476,0.30449608,0.09614769,-0.049368452,0.052130494,0.064315595,0.0031153494,-0.01882108,0.10837254,0.15400586,-0.034365386,-0.11272627,-0.07294565,-0.030448023,0.03356468,-0.03761507,0.21094586,0.009191318,-0.034530573,-0.23075971,0.043934517,0.01577834,-0.030268393,-0.11235916,0.08035172,-0.10751684,0.04751803,-0.02178899,-0.036583994,-0.0068574552,0.04428724,-0.086452775,0.14130546,0.16857038,0.20472217,0.09895876,-0.07357834,-0.041482914,0.048634443,0.05838464,0.12248287,-0.007252024,0.017661836,-0.019609189,0.10988878,0.04930878,-0.110711135,0.15385854,0.007491146,0.004507421,0.0053006704,-0.1469139,0.016691063,-0.16097122,-0.15408787,-0.040009603,-0.15184385,0.015491897,0.088706836,-0.022008749,-0.030042063,0.0849745,0.05516695,0.016275011,-0.035508413,-0.060139332,0.031128088,-0.003985672,0.12561345,0.110585146,-0.058555238,0.0025311974,0.01013659,0.1524067,0.034998816,-0.056910165,0.027935611,0.017937502,-0.055798884,-0.060090322,-0.09062333,0.12160835,-0.10563947,0.082282476,-0.08998447,-0.09549195,-0.06405456,-0.059938923,-0.034695674,0.009116328,0.013822513,0.06445539,0.029277552,0.0909054,0.026086848,-0.02032565,-0.05038219,0.13158037,-0.075200655,0.06262088,0.009070795,0.102440074,-0.040540285,0.019488262,0.085120924,0.0259626,-0.00410765,0.06808163,-0.037461195,-0.07403191,0.07650235
0.1568537,-0.0473502,-0.09769319,-0.0694827,-0.017148122,-0.1490359,0.0331811,-0.12813038,0.07772559,0.14401808,0.03964304,-0.07118443,-0.17215332,-0.104415454,-0.014372397,-0.12134627,0.07239586,0.046835132,0.110007174,-0.040341288,-0.038781118,0.083637275,0.009720595,-0.03812521,0.07444679,-0.086503595,0.06947497,0.06940454,0.10376461,-0.081765324,-0.027460892,0.17279004,-0.11632777,-0.009181324,0.0076998393,-0.014730169,0.016488867,0.062250037,-0.016111882,-0.045585636,0.032196973,-0.05297964,-0.08268283,-0.0017637259,0.049506947,-0.13934065,0.13532872,0.02985837,-0.09791546,0.0065782676,0.0019310928,-0.04353324,-0.074211486,0.11604736,0.025922246,-0.0877918,0.03118906,-0.12116786,-0.17561595,-0.07045662,-0.02439422,0.19951974,0.07607777,0.14649785,0.11320893,-0.053706985,0.026628358,0.019595101,0.19292061,0.08280097,-0.09867918,-0.05661476,0.02091994,-0.03179997,-0.10497817,-0.108438425,-0.011549707,-0.070956744,-0.05412192,-0.033222612,0.02096667,-0.034936864,-0.04229832,-0.050016105,-0.092632405,-0.032282334,-0.040096957,0.050962463,-0.004645415,0.047072854,0.046382383,-0.06832298,0.035718825,-0.086484715,0.0882031,0.054018732,-0.103378125,0.035858296,-0.051896133,0.12682477,0.121392325,-0.23905075,0.015926402,-0.21579908,-0.09125174,0.16110161,-0.17056052,-0.13582951,-0.042394597,-0.088018134,0.11140597,0.033324055,-0.09673493,-0.08196778,-0.002208859,0.08646353,-0.013938926,0.0883096,0.032060318,0.119913094,-0.010293084,-0.012935457,0.07364389,0.057834357,0.015558828,0.16902056,0.054872453,-0.010249317
-0.043154802,0.16295303,-0.120624244,-0.038947225,0.027689848,-0.07809761,-0.07624908,-0.059176426,0.024224497,0.08160807,-0.25624847,-0.11192386,-0.042152654,-0.027818725,-0.25167206,0.06416405,0.011497816,0.07917616,0.022916473,0.03619221,-0.25807846,0.1247664,-0.05204123,0.08319897,-0.18250601,-0.048589163,0.018473862,0.040463474,-0.06405747,0.06448726,0.07799893,-0.03583108,0.050243232,0.027617663,0.061926875,-0.094573416,0.077460565,0.07347193,0.095487356,-0.055286903,0.069490165,0.16219392,-0.041419186,0.12918882,0.02622443,0.007035435,0.007712909,0.07293499,-0.005016929,-0.0043022176,-0.0039405446,-0.047144692,-0.053968206,0.07494657,0.13864571,-0.00037345587,0.0634398,-0.22231545,-0.05228392,0.05365705,-0.04783471,0.07854941,0.03752845,-0.06282946,0.018618885,-0.07731714,-0.041138593,-0.004577772,-0.08500569,-0.05393235,-0.1532808,-0.14429058,-0.024540683,0.11559963,0.047385193,-0.017832723,-0.028113356,0.060262136,-0.034325294,0.107982285,-0.058011115,-0.071654245,0.04218777,-0.16463962,-0.111437686,0.015669,-0.08735451,-0.002444937,-0.014934571,0.024305342,0.086145565,-0.1334622,0.16179986,-0.01234514,0.1111299,0.071030974,-0.07509991,-0.07607748,-0.03132874,0.092565306,0.10144436,-0.02712267,-0.04466347,0.12783916,0.0058887317,0.10213724,-0.10327433,0.11741936,0.031667672,-0.14100881,-0.10905609,-0.08813849,0.045831744,-0.012367486,-0.04477154,0.013299385,-0.0758691,0.0075941607,-0.0061091497,0.0859101,0.023172908,-0.043559067,-0.04787859,-0.08025762,-0.18210083,0.114054106,0.07620765,0.04486563
0.17496084,0.0026069724,-0.010522831,-0.009951288,0.13330936,0.028968425,0.014529469,-0.17977884,-0.0429949,0.113012925,0.09554624,-0.021216625,-0.08063831,-0.064521976,0.109638266,-0.110656686,0.051413752,0.21517426,-0.08507591,0.08206324,-0.0011088657,0.014622867,0.101451196,0.015825935,-0.1966685,-0.09003741,0.10492843,0.05821348,0.12431458,-0.12851174,-0.029764425,-0.110269055,-0.21030629,-0.12495219,0.007104878,0.0061745304,-0.13027042,-0.058412667,0.050768986,-0.049341872,-0.06958668,0.0028583063,-0.040517747,-0.09915782,0.025061138,-0.08094683,0.096967146,0.061369695,-0.07225467,0.03619109,-0.054500964,-0.005667797,-0.076914445,0.13873574,0.027889827,-0.14574103,0.16707437,-0.03805229,-0.124736354,0.02377354,-0.07644783,0.00898668,-0.10177657,0.08500136,-0.00096398755,-0.063544035,0.089268506,0.09079101,0.3176356,0.09487937,-0.044108473,-0.08988453,-0.102524064,0.017410079,0.032299962,-0.020414848,0.03253083,-0.11684204,-0.0019066042,0.015660264,0.057500444,-0.02135383,0.20870762,-0.023588836,0.07085978,0.01558975,-0.10676212,0.010138937,-0.026321368,-0.12749602,-0.049242727,-0.10701776,0.049187448,0.009453986,0.06273072,0.07972732,0.12625961,0.037863724,-0.10901766,0.0066351225,-0.0006746243,0.013999505,0.05171991,-0.07528652,0.006565575,0.03370797,-0.094386734,-0.014223639,0.02503248,-0.12031801,0.0420815,-0.114963785,-0.07102217,-0.088215105,-0.057459604,-0.07843058,0.053544667,-0.062201064,0.06647554,0.14463747,0.012198937,-0.07490799,0.10109506,0.005580585,0.045938466,0.008966803,-0.04164394,-0.05595949
