-0.022922765,0.040786,0.035452235,-0.0058934214,-0.06733377,-0.0076802876,0.21949425,-0.06709028,-0.0064372453,0.0100386385,0.064750135,-0.035288267,0.08511164,0.0031044066,0.036206543,-0.013293825,0.07676432,-0.18261957,-0.13258322,0.0035801476,0.011470524,-0.05783668,-0.08501483,-0.046352103,0.05757755,0.043856703,0.0038742882,-0.005125009,0.099905044,-0.056953438,0.11229072,0.014244811,0.20832211,0.045197126,0.092164785,-0.14307089,-0.05166474,0.03526833,-0.12352507,-0.033686455,-0.061748307,0.014164447,-0.03713275,0.20127636,0.085639074,-0.07045985,-0.006481615,0.09339719,-0.055570867,0.054262247,0.0034056923,0.09748043,0.06268154,0.049867846,0.004615031,-0.03367889,-0.025876306,0.09089073,-0.052360315,-0.0694969,-0.154713,-0.02013521,0.060691476,-0.06959005,-0.15509161,-0.12097525,-0.20682596,0.08621097,0.15563689,-0.03251044,0.039698854,0.06586313,0.038824946,0.066721156,0.06188478,0.030677866,-0.02151794,0.100787096,0.10397986,-0.058640264,-0.22578725,0.12288996,-0.19949105,-0.041908834,-0.1725837,-0.09332987,-0.0895629,-0.14287017,0.10111804,0.10252855,0.12499661,-0.04888462,0.07641509,0.048688497,-0.118865035,0.05710466,0.0021218385,-0.0004710182,0.034941304,-0.09114523,0.030547133,-0.055707633,0.0704119,-0.08845604,0.11836879,-0.20579898,-0.07827607,0.05780831,0.11825218,0.08474073,0.030518757,0.101522915,-0.035781477,-0.098203845,0.021256294,-0.036253218,-0.039186582,-0.09644595,0.040491726,-0.08293339,0.036989674,-0.07199195,0.0755163,-0.062951624,-0.12600787,0.0701224,-0.008469405,-0.037844997
0.032683153,0.13273704,0.03340325,0.038615175,-0.0030204577,-0.22509648,-0.10983753,0.027163489,0.0008099253,0.1872892,-0.037869543,-0.015338316,-0.14824134,-0.20441544,-0.019611191,-0.018084645,0.092659794,-0.039753743,0.021905273,-0.045907073,-0.0026036182,0.010768606,-0.06171102,-0.20113578,-0.022095261,0.006264548,0.09058144,0.048316084,0.07038338,-0.13108777,0.040401913,0.029074414,-0.07824076,-0.012518824,0.24959458,-0.025760105,-0.058780257,0.1547256,0.047235955,0.03419864,0.03271618,0.08175428,-0.02295123,-0.0066793426,-0.108062886,-0.1608197,-0.021140484,-0.04098468,0.0910824,-0.07856983,0.07447552,0.1312582,0.092622615,0.07712511,0.054765914,-0.08741359,0.06375292,-0.042581007,-0.024000702,0.08723872,-0.077513576,0.11018733,-0.019522037,0.075299636,0.19736739,-0.094025865,0.0341035,-0.046474684,0.06761587,-0.003797621,-0.16417584,-0.10675188,-0.08543504,-0.05742069,-0.08546014,-0.0934198,-0.050544795,-0.055752855,0.12016062,-0.096107475,-0.065653466,-0.1047382,-0.047811896,0.012352817,0.046713997,0.024953017,-0.10557443,0.045851734,-0.038307566,0.03167654,0.035146385,-0.15568009,0.16477725,-0.027966764,0.18131,0.04977398,-0.06988744,0.02238665,-0.08921575,0.007772537,0.049739327,0.016176246,0.22554335,-0.037649464,-0.058415316,0.050044335,-0.06641373,0.008953021,0.027787346,0.058906477,0.0640743,-0.029418781,-0.021241017,-0.10375795,0.09992197,0.009363477,0.06226917,-0.1724003,-0.038328655,0.11480061,0.047594007,-0.041951466,0.07085895,-0.038331527,0.012553493,0.05914493,0.12776445,-0.09685002
0.012125019,0.044079594,0.093243495,-0.16772923,-0.041024834,-0.050170448,0.08215685,-0.039994255,-0.022750901,-0.050669715,-0.11877651,-0.06680656,-0.092752494,0.028717212,-0.033340644,-0.07346254,0.13231608,-0.12979048,0.049288906,-0.061437946,-0.08005735,0.02179072,0.13858478,-0.12676442,0.14087163,-0.08093564,-0.041969508,-0.06415772,0.09355357,-0.23745918,-0.0014043123,-0.1546218,0.06623442,0.11735742,0.13859509,-0.021307932,0.008993205,-0.04831893,0.09928021,-0.104743294,0.100355566,0.0764025,-0.018734995,0.10530437,-0.08738734,0.0119524505,-0.17111309,0.17769337,-0.0674159,0.04404002,0.043782994,-0.019758899,0.08914593,-0.040906392,-0.10849415,0.1435111,-0.088604026,0.021070737,0.07025632,0.056251142,-0.066613786,0.03250159,0.08953817,-0.1538324,-0.16139391,-0.039568927,-0.083529174,-0.0039707036,0.021618878,0.03350918,-0.1040937,-0.115660965,0.061528753,-0.069840394,-0.06544636,-0.038260125,-0.21337846,0.052910447,-0.032202207,0.08245914,-0.13847499,0.022223523,-0.09780697,-0.035701282,-0.096963316,0.104488894,0.08698543,-0.10604142,0.13413599,-0.003273684,0.11712233,-0.026205175,-0.015582043,0.08503742,0.010910904,0.06383996,-0.07227863,-0.03576787,-0.016815007,-0.1032762,-0.008396321,-0.042760912,-0.015247059,0.03614264,-0.20483218,0.044633266,-0.025917945,0.02798669,-0.050282933,-0.12518755,0.062694274,0.09485449,-0.018804958,-0.0209511,0.041602027,0.13538961,0.10676311,0.06995514,0.041228604,-0.0010711455,0.08296574,0.000205393,0.06418516,-0.16578418,-0.08384023,0.074156694,0.09124221,-0.072060466
0.05441936,0.04550949,0.008327925,-0.19851317,0.010453059,0.048584424,-0.011523535,-0.025107633,-0.02893311,0.025433697,-0.123937115,0.032058522,-0.09983944,-0.048981037,0.06886017,0.038493738,0.12462127,-0.031870604,-0.022025926,-0.06178347,0.03415329,-0.15660779,-0.026246017,0.0072302427,-0.09905138,-0.07107773,0.038989156,-0.048382428,0.06641652,-0.08689104,0.08552673,-0.23483089,0.122440174,0.026041148,0.079356864,0.115925565,0.14078218,0.09278801,0.07516849,-0.034452874,0.12811333,-0.0373887,-0.07795632,0.30124098,-0.049605004,-0.0019352451,-0.12082605,-0.0021692181,-0.039907098,-0.054285422,0.11238453,0.074774474,-0.008725297,-0.017323395,0.016871313,0.008470816,-0.1454133,-0.07134988,0.17395692,-0.16377577,-0.117364824,-0.1357387,-0.12707803,-0.09636047,-0.077655725,0.056554817,0.008111074,-0.04506688,0.11310629,0.08201987,0.011459762,-0.10206756,0.06431719,-0.050116338,0.011157965,-0.051860183,-0.092928626,0.07937677,0.046734557,-0.041712955,-0.105966486,-0.06790719,-0.007192304,-0.068262585,-0.038460463,0.041119676,-0.08335837,-0.056376632,0.13331743,-0.03552436,0.124423645,0.02267097,-0.0101254275,0.13752536,-0.08410876,0.109755054,-0.015243038,-0.075826615,-0.09847695,-0.035922527,-0.003246805,0.022399688,-0.057762973,0.10187959,-0.17890987,0.036876496,0.027380278,0.02025667,-0.08228384,-0.19059572,0.06668715,0.0018753612,-0.075155966,0.041790932,-0.025342537,0.08869182,0.13329545,0.07968334,-0.17523012,-0.027706912,-0.054331012,-0.13775037,-0.09631882,-0.04206109,-0.03611267,0.057930697,0.04907331,-0.083672434
0.09419335,0.053550076,0.07671419,0.056673832,-0.09853057,-0.113770165,-0.01779488,-0.029479578,0.19680843,0.14323373,-0.060732823,-0.06427845,-0.11802951,-0.07365457,0.01574515,-0.14378479,0.15953766,-0.10461339,0.062037542,-0.0674034,-0.05068681,-0.019655501,-0.14186911,-0.22443025,-0.012419351,0.0026277825,0.05421396,0.031284574,-0.062614694,-0.13584879,0.07436553,-0.09722149,-0.0019050357,0.038711835,0.23344785,-0.113022014,-0.03280079,0.05069435,0.027211122,0.00074665435,-0.001788876,0.031864583,0.06339601,-0.08087038,-0.12591034,-0.22738367,-0.090225406,0.081563346,-0.011802482,-0.14632465,0.033717267,0.02387446,0.021848576,0.07259688,0.06195457,-0.029256096,0.08895106,-0.0074015297,-0.009229891,0.055022784,-0.06477932,-0.05161711,0.023490993,-0.07497984,0.021489644,-0.07085699,-0.059681498,-0.07526816,0.024821773,0.073470905,-0.18277828,0.0028065736,-0.15873206,0.0015594235,0.018847944,-0.017878298,-0.1922484,-0.005537077,0.023178523,-0.13308927,-0.1375085,-0.08675502,-0.15762323,0.041351777,-0.056538656,-0.05579411,0.0010515121,-0.031192489,-0.04236271,0.07198138,0.17393415,-0.048631012,0.09746585,-0.03385349,0.029398188,0.12914984,-0.042365167,-0.0036830634,-0.053429764,-0.09546525,0.073230036,-0.020221641,0.1926931,-0.10482451,-0.118352175,0.021050764,0.003629225,0.121630974,0.0026028932,-0.004603471,-0.06220573,-0.08883233,-0.100757025,-0.06824351,0.09194187,0.042798847,0.072583914,0.045656327,0.002970379,0.083492056,-0.037267867,-0.09491478,-0.008600133,-0.08507497,0.046905786,0.06172768,0.106277555,-0.13013415
0.016717736,-0.03267143,-0.043537524,0.06156629,0.06619667,0.0033538195,-0.043528397,-0.0022134958,-0.1188514,-4.702967e-05,-0.081580944,-0.059455317,0.09149857,-0.06330926,0.025693133,0.043413844,-0.02560418,-0.026975334,0.02331362,0.010225724,-0.17389284,-0.19569625,0.17129327,0.14087546,-0.18892884,0.00014332047,0.059986398,0.017902622,0.1335742,-0.06653467,0.11731756,-0.14389099,0.2330003,-0.11768563,0.009020853,0.00049088005,0.07203841,-0.1268255,-0.040534545,0.07584289,-0.0021802664,-0.023611605,-0.05912386,0.010947367,0.19135761,0.029657869,-0.039339475,0.11736147,0.19616447,-0.047291122,-0.054112528,0.051700834,-0.064235315,0.037304003,-0.044936992,-0.13349777,0.064760484,0.027220408,-0.045852263,-0.14254396,-0.06533087,0.10223077,-0.08278145,0.06411031,0.093831524,0.00048253976,-0.04903048,0.01470891,0.12381237,-0.018585458,0.08970607,-0.07606575,0.0017727487,0.031101156,-0.03714296,0.042030856,-0.011112134,-0.2193074,0.10306177,-0.033103958,0.10066941,0.005693729,0.14518492,-0.014831047,0.045586385,0.0036316197,0.0055121835,0.07049762,-0.047147334,-0.016347667,-0.09165511,0.000774889,0.0656169,-0.07013787,-0.0115732765,-0.15008143,-0.0012862628,0.058191787,0.033711396,-0.03950065,0.18438287,0.15970306,-0.09310016,0.028395876,-0.021047905,-0.07408282,0.10684642,-0.046753753,0.054554176,0.22632693,0.06676098,-0.090348125,-0.021646606,-0.085087076,-0.1366136,-0.17364705,0.052779764,0.0098556755,-2.1341255e-05,-0.056568317,-0.05378583,-0.09677095,0.09272339,-0.03219468,-0.03135114,-0.053964194,-0.12778442,-0.016500749
0.030208694,0.15328133,-0.029821176,0.036754448,-0.012478779,-0.041783817,-0.07523276,0.099319115,-0.092191875,0.20924307,-0.08141709,-0.021523396,0.062391177,-0.10717927,-0.028031958,0.057247404,0.037537865,-0.13361406,-0.07401188,-0.077146195,-0.10130074,-0.11239729,-0.059288736,-0.10431962,-0.033105493,-0.08573156,0.08845861,0.041918784,0.090047106,-0.03997521,0.019468753,-0.027955592,0.017570056,0.099837504,0.11314979,-0.114391476,0.121660456,0.07337906,-0.10938447,0.08961877,-0.14298287,-0.044794705,-0.058528677,-0.13292576,-0.07119191,-0.15755837,0.044795554,0.06322429,0.13215466,-0.10620582,-0.18675576,0.0658697,0.08038263,0.06946484,0.06301124,-0.1385751,0.03413643,-0.06732604,-0.06658421,0.028317258,-0.118992604,-0.025125742,-0.066941105,0.0070057125,0.043637816,0.10454157,-0.092911854,-0.07536226,0.14353025,0.028586444,-0.21091264,0.007966987,-0.13042226,0.042335715,0.03027563,-0.11626342,-0.121379785,-0.08847765,0.06599775,0.011218852,-0.17561588,-0.08571086,-0.003609467,-0.047295187,0.009288864,-0.056885604,-0.071496315,0.016681744,-0.01819124,0.08066683,-0.046537682,-0.003053702,-0.050394904,0.057296026,-0.019876221,0.107186854,-0.043123923,0.016954282,-0.07469633,-0.19229214,0.05142022,0.066208445,0.19195434,0.089035176,-0.10693653,0.113062955,-0.02724316,0.06771,0.10949783,0.12879257,-0.12333753,-0.10736282,-0.014937098,0.050323855,0.05252875,0.057712518,-0.056441464,-0.070684664,-0.05572322,0.1612612,0.016644083,0.06424591,-0.07832281,-0.008585968,0.03781147,0.025500558,0.12716995,-0.07834299
-0.085583225,0.0894874,0.055598814,0.029799487,0.0029042175,-0.013138447,0.224293,-0.028710373,0.014831077,-0.022583663,0.07002946,-0.14588995,0.0866818,-0.05602845,0.1006265,-0.021874143,0.019101381,-0.21920224,-0.10592637,0.015652776,0.10700176,-0.03916449,-0.1525537,-0.042537145,0.09748557,0.05053682,-0.10438685,0.03172539,0.06140716,-0.009871715,0.035153747,0.031388737,0.15441984,0.029665254,-0.012100052,-0.10952739,-0.060580414,0.11257441,-0.07474507,-0.008469461,-0.090840034,0.034677282,-0.13053322,0.13776423,0.12712938,0.0016392971,0.014448717,-0.01347708,-0.012056107,0.069838054,0.024310777,0.08391453,0.04118505,0.087219074,0.042504225,-0.00874531,0.031004384,0.09020807,-0.031889305,-0.047153417,-0.155232,-0.08932974,0.097607,-0.060402464,-0.13366161,-0.022541903,-0.18977107,0.040534,0.17142536,-0.049938895,0.08539333,0.13448454,0.06151253,0.027004948,-0.00045982745,0.062642336,-0.08474036,-0.021849627,0.11221545,-0.03564992,-0.23846343,0.12555584,-0.13703425,-0.11979778,-0.1295065,-0.06857315,-0.15728197,-0.1426811,0.15195447,0.0641604,0.019618701,0.089207225,0.004333297,0.034861922,-0.16577633,0.028799118,0.04861223,-0.012685025,0.04401066,-0.0874317,-0.059131708,0.019331083,0.041779637,-0.05335804,0.07740475,-0.1346453,-0.16532989,0.030359339,0.14396177,0.11005495,0.0358903,0.10468453,-7.5070693e-06,-0.07780684,-0.046675514,-0.059230797,-0.04774553,0.024175553,-0.01662847,-0.10720771,0.041517723,-0.08224295,0.02023695,-0.037012424,-0.1217298,-0.0023532175,0.0266259,0.0009603837
0.14090616,0.007157768,-0.02265129,-0.10146518,-0.048352316,-0.021437444,0.012128892,0.07133658,-0.0963187,-0.10236474,-0.12121902,-0.07624666,0.012154842,-0.067766555,0.046722848,0.05173259,0.13305771,-0.10135865,-0.023423295,0.023697559,0.062677614,-0.067898676,-0.10286309,-0.052899417,0.059717853,0.098268256,-0.042242207,0.08102268,-0.06530129,0.037214983,0.10851133,-0.22837734,0.07401112,0.054447386,0.035582773,0.02425888,0.008824965,0.0789812,-0.0036022607,0.121964484,0.0038334455,-0.08934482,-0.022578342,0.040424477,0.12550661,0.02859573,-0.043684706,0.033852655,-0.016994016,-0.084481016,0.0043528713,0.13806698,0.072457336,0.09877144,0.08775068,0.050813958,0.0056420923,-0.073512115,0.023536617,-0.045349076,-0.09044946,-0.16264491,-0.10759564,-0.15220712,-0.11727253,0.11455116,-0.056716874,0.009442725,0.042794116,0.034067012,0.08826839,0.015490958,0.025906099,0.103046745,0.064279586,0.02901097,-0.12182309,0.04749338,0.07577329,-0.08968722,-0.15564072,0.033739574,-0.096808404,-0.013609862,-0.16242707,-0.038206767,-0.029974839,-0.07254518,0.13239443,-0.12970226,0.11280604,0.068422005,0.030979192,0.00980144,-0.36371878,0.12294042,0.018229619,-0.09554124,0.024924677,-0.09500543,-0.0655363,0.17478654,-0.123598516,0.1789099,-0.08707847,0.013419418,-0.081939235,-0.0030211082,0.036015693,-0.055800702,-0.0104311565,-0.11665997,-0.07246048,0.0059770443,0.008987375,0.029568149,0.14279962,0.04402443,-0.1401161,0.045676876,-0.10315193,-0.065690674,-0.024784291,-0.10840734,-0.057800997,0.056959394,-0.048956964,0.028394498
0.08871375,0.0892089,0.012300026,-0.04368438,-0.04626042,-0.10833071,-0.20798114,-0.03149394,0.016114468,-0.010371675,0.014051703,0.015757624,0.017615104,-0.039972316,0.07969955,-0.021921586,0.09899741,-0.28253222,-0.06561153,-0.031894255,-0.07191403,0.04592246,-0.013540069,-0.069458164,-0.06274574,-0.17620994,0.02342094,-0.045315932,0.10295359,-0.06945579,-0.019762523,-0.12618399,0.029139297,-0.058258813,0.039619897,-0.06847209,0.010370035,0.089702584,-0.20444508,0.04821412,0.141319,0.09182721,-0.0038895179,0.004678092,0.090148516,-0.14569822,-0.09833246,0.110111855,0.0071280575,0.0019462713,-0.19900389,-0.04261992,0.10563955,0.24940515,-0.05566595,0.034733854,0.052831575,-0.018348357,0.025343025,0.0695698,-0.07004003,-0.0703351,-0.1146474,0.03787242,-0.014650574,0.019544292,0.021320438,0.018899148,-0.07218453,0.105695784,0.006440633,0.042103387,-0.11111329,0.03555865,0.011765046,-0.15621325,-0.084240414,-0.030909978,-0.11812164,-0.00871506,-0.016692482,-0.07658099,-0.03082438,-0.10827885,0.04531665,-0.0038229676,-0.015099747,-0.07497095,0.06284697,-0.10318566,-0.16127978,-0.0604085,-0.050287005,-0.08932361,-0.044841483,-0.06300998,0.063021876,0.07942737,-0.12573434,-0.08885372,-0.044187877,-0.011369048,0.19437467,0.09648135,-0.14426138,0.04915468,-0.08965015,0.030839952,0.14938907,-0.06834576,-0.075279295,0.026734758,0.06635562,-0.026889078,0.0260661,0.05078057,0.08747594,0.04486691,0.03628329,-0.015137059,-0.029807866,-0.119131565,0.0201388,-0.14865364,-0.08213153,0.0002756751,-0.007900124,-0.25155127
-0.041197993,-0.08640552,-0.050249826,0.006450027,-0.00014744449,-0.059976265,0.036482006,0.13845223,0.15959035,0.045055777,-0.14445506,-0.028933074,0.09337846,-0.020414717,0.1937074,0.078297414,-0.05723387,-0.09874698,-0.04551287,-0.009771354,-0.031088455,-0.15199679,-0.20441952,-0.093778335,-0.056903906,-0.11221656,-0.15161587,0.059153922,0.034723584,-0.113322824,0.11122191,-0.02961192,0.077034935,-0.05527009,0.047925487,-0.072446465,0.019564569,0.08632831,-0.13515697,-0.03465613,0.073218144,0.08037102,-0.10763851,0.06939352,0.06004856,-0.06405215,-0.058451448,0.060465097,-0.15592971,-0.07595223,0.041886203,-0.06707993,0.1481988,0.12247179,0.12777172,-0.10531031,0.12530033,0.05844218,0.052909963,0.09734674,-0.053055618,0.058029283,-0.08947379,0.010841169,-0.04333349,-0.0006525946,-0.010802712,-0.07101176,-0.062559314,0.06757454,-0.1046825,-0.080596305,-0.012236163,-0.0052405847,0.014947514,-0.0731432,-0.11721464,-0.012700413,0.1640962,-0.15297128,-0.13966161,-0.06920715,-0.056136698,-0.14723925,0.11592853,0.06714739,-0.059373345,-0.0824414,-0.0479665,0.06090905,-0.03577966,0.07494007,-0.04235266,-0.08382709,-0.11130435,-0.079338044,0.048978183,0.037441645,-0.071503006,-0.17484358,0.008499951,0.00958113,0.024261933,0.06867549,-0.059886537,-0.028474359,-0.10769762,-0.01836043,0.14763632,-0.059553623,-0.06884828,0.10651744,0.025473587,-0.030342981,-0.14324199,-0.058101952,0.12416294,-0.12335401,-0.10701161,0.08891823,-0.031653658,-0.10993463,0.03147932,0.013935685,0.046151437,0.06666207,-0.035057604,-0.22015472
0.042290006,0.07534487,0.016601961,0.0222158,-0.0114382915,-0.041714225,-0.17610897,0.095366545,0.1342418,0.057895135,-0.07563323,-0.009032918,-0.033853445,-0.04598651,0.006105745,0.037710104,0.12187795,-0.22392522,-0.07138671,-0.010879372,0.028815804,-0.004292335,-0.056215353,0.022539113,-0.08631227,-0.2564489,-0.109824836,-0.07502578,0.12824085,0.06731081,0.058834452,-0.16741829,-0.024659654,-0.020594114,-0.117262825,-0.0006696047,-0.030826401,0.055520773,-0.18105789,0.11588224,0.24704368,0.005217863,0.02715489,0.03254925,0.03368507,-0.08518561,-0.074580066,-0.031310305,0.018200362,-0.028055528,-0.114213355,-0.039347485,0.11485967,0.20677984,-0.04101363,0.0072770445,0.05852009,-0.065702885,0.09716679,-0.0045640552,-0.062782444,-0.03048853,-0.07368969,0.0154315,0.019421289,0.023496263,-0.123287,-0.07035649,-0.048670143,0.09074395,0.022958737,0.03873564,0.010759199,0.062310968,0.043634173,-0.13980569,-0.1637061,-0.027714992,0.008914825,-0.031644963,-0.11295332,-0.18765432,0.09177194,-0.109143786,0.09404734,0.053493243,-0.06108181,-0.073019184,-0.020026922,-0.08101155,-0.1009225,-0.0021113807,0.00436984,-0.042135417,-0.10634824,-0.052413605,-0.020497689,0.10056144,-0.04507169,-0.072429016,0.072080046,0.048206046,0.15944538,0.14201516,-0.035977717,-0.0134932725,-0.13289562,-0.0281885,0.103104115,-0.098821856,-0.00041369608,-0.03722395,0.10368932,-0.004285925,0.028199019,-0.070558466,0.1670233,0.034809437,0.027796717,-0.0078887865,-0.040971678,-0.15862972,0.06727695,-0.14452547,-0.07653932,0.08911676,0.0142096765,-0.14340994
-0.08626933,-0.02773643,0.0016813817,-0.0019433466,-0.11342515,0.10697252,-0.09112385,0.01973736,0.02797832,0.09095501,-0.1340044,0.11383368,0.03343296,-0.07636196,-0.09803314,-0.03146782,0.13959005,-0.28796422,0.038682975,-0.05143649,-0.15686044,0.027889093,-0.12570164,0.024789477,-0.063773,-0.080158934,-0.08722953,-0.06689048,0.020659836,0.029113423,0.052415513,-0.10758992,-0.22075889,-0.033448804,-0.005524114,0.09817265,0.10344441,0.09445264,0.0066891974,0.07792893,0.02879512,0.08881786,0.081502326,-0.06622004,0.14465818,-0.014572281,-0.14671066,0.10859589,0.066663325,-0.08510203,-0.0015729767,-0.070254914,0.18493126,0.054183193,0.054434143,-0.057886,0.04092062,0.019757671,-0.08439938,0.027607212,-0.016893065,0.057916954,0.021700645,0.009660383,-0.027813436,0.0057209763,-0.038069528,0.028258538,0.031266935,-0.0018687624,-0.10376463,-0.109235585,-0.007146426,-0.04590042,-0.11268818,-0.01924288,-0.14743261,0.06374993,0.048349034,-0.059788145,-0.03798255,-0.045894958,0.00026854832,-0.10088246,0.07149749,0.19422679,-0.0858087,-0.13581356,0.0042731594,-0.10268862,-0.10610481,0.078452796,-0.017657377,0.03807584,0.063388966,0.07576388,-0.010117618,-0.10236307,0.120758824,0.11204374,-0.03158853,0.022873633,0.074753106,0.07205987,-0.024242055,0.041924745,0.11347302,0.11618323,0.10121323,-0.019853853,-0.1402441,-0.059737768,0.14868951,0.113715366,-0.0004333123,0.036861416,-0.044322703,0.21570502,0.014292757,0.114336096,-0.046284232,-0.16677357,0.026748372,-0.15887992,0.055893026,0.008402975,-0.0690365,-0.1041531
0.06267101,-0.01442561,-0.1538579,-0.107179396,-0.12608704,0.00019141994,0.052859318,0.060749568,0.020974563,0.10106652,-0.12787762,0.11623602,0.058297712,0.04028057,0.0155881895,-0.055390116,0.028646529,-0.22854923,-0.037497923,-0.115195096,0.028374575,0.040282037,-0.14945932,0.055231933,-0.039510287,-0.15208158,-0.037247777,-0.020270169,0.13563998,-0.00081086496,-0.03682531,-0.028064167,-0.17126724,-0.061506473,-0.0055880584,-0.14644422,-0.035710637,0.10468378,-0.10542952,-0.046547733,0.03217018,0.062299024,0.032275233,0.008647538,0.05075685,-0.067176014,-0.09456512,0.14638984,-0.07210902,-0.036454607,-0.048644427,-0.019085875,0.13230914,0.07272059,0.03775871,-0.042546075,0.035665743,-0.013200433,0.0036760767,-0.008313546,-0.15595086,0.01799885,-0.025533851,0.034183644,-0.040064584,-0.019788442,-0.10879086,0.112953655,0.107520476,0.08094526,-0.05052469,-0.05500508,0.027968116,-0.0011438532,-0.07856097,-0.12076185,-0.13771671,0.08512061,-0.10454065,-0.08135384,-0.0969645,-0.17301813,-0.07206528,-0.13928433,0.1212895,0.12773085,-0.04987043,-0.15861395,0.015118639,-0.11000098,-0.04120445,0.033120934,-0.00272127,0.016203037,0.13334069,0.068188034,0.13288963,0.01952622,-0.025298174,0.004711294,-0.086679146,-0.1260713,0.22220808,-0.071047455,-0.08466359,-0.111811,-0.062912546,0.022795293,0.06984414,-0.1470993,0.0030564875,0.013872982,0.06842471,-0.003943352,-0.043365408,0.06263844,0.05736834,0.09139662,0.115724824,0.09144244,0.10855236,-0.16587444,0.10478307,0.042190284,0.06883972,0.060234122,0.020959709,-0.17843394
-0.032409687,-0.028791768,-0.10679239,0.01836336,-0.015768588,-0.09923776,0.011531255,-0.004229153,-0.019021949,0.044248078,-0.09003041,-0.0520088,0.025200807,-0.01162769,0.06326584,0.042648956,-0.07075193,-0.053559836,-0.009922237,-0.011395355,-0.15727487,-0.14477324,0.04451314,0.05049572,-0.15725031,-0.027812228,0.03209986,0.053992007,0.08290281,-0.02945907,0.14210406,-0.10819489,0.15496917,-0.17406954,0.009950091,-0.05464637,-0.005052744,-0.085363165,-0.15160076,0.032820925,0.008640138,-0.018535106,-0.067784965,0.045196965,0.1647173,-0.016545705,-0.035894416,0.14650299,0.19962324,-0.05228604,-0.013614286,0.081857175,-0.14255184,0.08960507,0.010640227,-0.10588067,0.06651054,0.09805575,-0.013812322,-0.13923417,-0.08795595,0.07105287,-0.08329355,0.065676674,0.11336362,-0.065511316,-0.03114635,0.004112751,0.0785474,-0.020778803,0.11973624,0.01830187,0.012251026,0.08610841,0.016693719,0.004642975,0.030661656,-0.19697626,0.09745193,-0.13185,0.056130525,0.005532877,0.07601321,-0.07985442,0.064532526,-0.021054309,-0.027066367,0.036256365,-0.009793558,-0.024542032,-0.06694405,-0.02378083,0.11650311,-0.03013671,-0.002463945,-0.1742662,0.075125135,0.13591069,0.0045154365,-0.07876022,0.17566717,0.12230992,0.041358747,-0.0550449,0.026383918,-0.15651377,0.013713525,-0.102699906,0.079717815,0.14358486,0.10514598,-0.1585271,-0.016074542,-0.08133966,-0.19999337,-0.19534732,0.08195365,-0.032082714,-0.041435573,-0.05548187,-0.068880826,-0.14417428,0.17764124,0.021590339,-0.033114903,0.006841878,-0.04937577,-0.10506519
-0.057647526,-0.0672523,0.031414453,-0.09308447,-0.03963566,-0.010803422,0.15670659,-0.17789806,0.0032535726,-0.025742903,-0.06584592,-0.06269839,0.00813355,0.010267031,0.042368583,0.06406095,0.10643502,-0.13009475,-0.04485488,-0.07911871,-0.051533088,-0.123633996,-0.16333504,-0.06353982,-0.050908517,0.00047459372,-0.09294919,-0.028629834,-0.04405148,-0.08906427,0.15677926,-0.021179026,0.1421208,0.02984314,-0.040038686,-0.13611485,-0.020502675,0.027981324,-0.07368177,-0.11247551,-0.0044338414,0.13091095,-0.12081991,0.14435115,0.046636898,-0.07068819,-0.077232584,0.037578676,-0.17794624,-0.06403062,0.035845444,0.037319325,0.09579401,0.056992512,-0.018668042,0.056980457,0.028937573,0.095576175,0.047337715,-0.01909383,-0.18217516,-0.0061047194,0.06427496,-0.20797218,-0.07364767,0.07796455,-0.04902875,0.06716232,0.008638731,0.032970473,-0.051890478,-0.059767716,-0.020941773,0.02398537,0.011412595,-0.016901359,-0.12378333,0.0337132,0.02971989,-0.071912006,-0.2305295,-0.039444868,-0.14014255,-0.084909484,-0.07129237,-0.08012095,-0.021685814,-0.16072159,0.12940949,-0.061544362,0.15492131,0.10261195,0.073015586,0.044267345,-0.17949338,0.12841307,-0.022140203,-0.099245936,-0.12070794,-0.18181713,0.03623696,-0.045278598,-0.04434529,0.07206719,0.030557148,0.0018334012,-0.014988454,0.049179323,0.13884434,-0.10657096,-0.018477054,0.065904416,-0.07857448,0.025319371,-0.099319175,0.045972627,0.15198866,0.084978946,0.048168067,-0.007355476,-0.014739524,-0.15797573,0.08365998,-0.0797607,-0.094815075,0.09040475,-0.0488906,-0.07072953
-0.058603678,0.027868425,0.013571559,-0.022626845,-0.031859115,0.064302646,0.005868895,0.18957992,0.092624135,0.09853121,-0.1361815,0.0059434017,0.112028986,-0.018500866,0.05902206,0.06936503,0.0043219402,-0.22129677,-0.043073762,-0.06760898,-0.040398784,-0.09523167,-0.19908968,0.13726607,0.018485919,-0.08542477,-0.2500368,0.051071554,0.110740505,-0.071254894,0.04686027,-0.059729964,-0.0005336346,-0.05181879,-0.04938564,-0.07524546,0.044828158,0.14615381,-0.09088442,0.05569557,0.0685531,0.075595215,-0.08781812,-0.021980204,0.10433604,-0.06368421,-0.007131661,0.035431996,-0.052886527,-0.07852519,0.014766349,-0.0581812,0.07598905,0.11437999,0.07467846,-0.0066555217,0.07433523,0.057989657,0.08974631,0.04119343,-0.081283845,-0.0006909776,0.00075442815,0.05534302,-0.060210355,0.10943793,-0.15778148,0.08765601,0.07818402,0.07748686,-0.06439809,-0.011638072,0.11606159,-0.029348621,-0.08287503,-0.064329796,-0.18411319,0.010455816,0.06706776,-0.033841487,-0.110721044,-0.07441052,-0.064860865,-0.17687427,0.08387146,0.07833135,-0.11708923,-0.13881834,0.11694669,-0.11326796,-0.10189939,0.14938504,-0.082586296,0.060656384,-0.068694115,0.014497498,0.13225105,-0.012965222,0.028164595,-0.029707054,-0.08380362,-0.06298803,0.07120823,0.082196295,-0.0076794284,0.051165465,-0.073221385,-0.059443906,0.23830812,-0.0005713691,-0.05985071,0.07573784,0.10215947,0.0010197604,-0.1294333,0.080724694,0.088010326,0.10240396,-0.059929345,0.07866641,0.0024090752,-0.16583441,-0.010874906,0.029382335,0.027383717,-0.031251717,-0.044356108,-0.11107549
0.0158326,-0.06837251,0.066512555,0.0068408954,0.027866036,-0.11546732,-0.06794454,0.050955847,-0.09801303,0.091398396,0.0061628222,-0.08113116,-0.03567307,-0.059091475,0.13166884,0.1391234,0.13657068,-0.15433334,0.06279035,-0.04996306,-0.047521573,-0.09872643,0.028807318,-0.036104966,-0.07557129,-0.0038255008,-0.07382914,-0.0051662875,0.048286736,-0.04579971,0.055957194,-0.05236933,0.055207636,-0.017486757,0.17738193,-0.0045418236,0.0127214575,0.22523911,-0.04181351,-0.025732005,0.090665616,-0.010323672,-0.06400299,0.28097084,-0.06009916,-0.08749834,-0.008982122,0.010618036,-0.011584598,-0.0019328936,0.11576062,0.15572472,0.09081476,0.11916833,0.00033829428,0.05556256,-0.1315744,0.019242931,0.12753472,-0.09576949,0.052326623,-0.07027842,0.016735105,-0.052655034,-0.016332299,-0.041205544,-0.11859528,0.033701092,0.013886059,0.13813102,-0.07128144,0.0063263443,-0.05401644,-0.03139932,-0.002124821,-0.03127658,0.0054007894,0.1181043,0.15004775,-0.1933608,-0.087676615,-0.06501487,-0.07949529,-0.017593527,-0.08799536,-0.06760056,-0.14418171,0.024336437,0.035360616,-0.09552195,-0.025000641,-0.047437914,0.088761635,0.063674375,-0.04228446,0.007864058,0.024163935,-0.05239924,-0.009121092,-0.052560337,0.10222726,-0.025891107,-0.0024188436,0.13239531,-0.14713828,-0.0375523,-0.07201042,-0.058053173,0.0761271,-0.09930393,0.035333388,0.18673173,-0.019176366,-0.07862521,0.1007188,0.033519063,0.24644078,0.016052576,-0.17341948,0.10289693,-0.054346293,0.002361368,0.014006394,-0.156257,-0.15603694,0.10910138,0.0024210543,-0.09711051
-0.014784726,0.035180118,-0.026982872,-0.13809615,-0.057065368,-0.013650599,-0.002502467,0.012244177,0.11132029,0.050774593,-0.13634507,0.110556036,0.12994303,0.01801455,0.056268252,-0.026617587,0.022523714,-0.21432391,-0.03966782,-0.1585888,-0.009579557,-0.09038551,-0.17638376,0.08117083,-0.0113513,-0.18391943,-0.08043375,-0.1171811,0.09338401,-0.054880127,0.12491381,-0.090482004,0.0903774,-0.07063356,-0.034440763,-0.18109414,0.02658256,0.052462522,-0.09746514,0.046962943,0.012421205,0.10823123,-0.08466226,0.0590991,0.10705811,-0.08014043,-0.07549844,0.0675564,-0.058282264,-0.1236576,-0.06787669,-0.114307605,0.14570712,0.12729403,0.045837227,0.06028453,0.08885392,0.029775264,-0.013136684,-0.014292899,-0.16981234,0.023705455,0.06803252,-0.04942984,-0.056022868,0.070855275,-0.09617693,0.0715979,-0.01177639,0.0011869327,-0.020941874,0.033985667,0.02063913,0.012593988,0.018835405,0.026947994,-0.1625375,0.036814485,0.031848624,-0.03749202,-0.12784748,-0.14780118,-0.13683102,-0.21443988,0.03844344,0.1064516,-0.06707436,-0.10309942,0.085985616,-0.09972033,0.035381395,-0.041180853,0.026094716,0.048386183,-0.12207042,0.11857947,0.06720102,0.0416347,-0.013005255,-0.0488888,0.02616608,-0.030195646,0.19819249,-0.0032532413,-0.05400093,-0.0019490473,-0.10834518,0.07887749,0.099302545,-0.019972188,0.06361222,0.030094856,0.06975495,-0.04218474,-0.025980508,0.023859655,0.03841872,0.10253099,0.047197897,0.03608073,0.042807538,-0.22924589,0.08367906,-0.1032981,0.0030599993,0.06501357,-0.026322475,-0.18951781
-0.037009183,-0.0074412934,0.11966547,0.065883905,-0.11744879,-0.054335456,0.19771256,-0.038251285,0.08714692,-0.03667337,-0.09681405,0.009376252,0.008208102,0.0040411414,0.10075975,0.019322775,0.06452553,-0.041817382,-0.029923234,0.060017463,-0.13896534,-0.048988253,0.024287427,-0.062437654,0.06646668,-0.06176148,-0.06933861,0.023721708,0.010493381,-0.16191345,0.13616602,0.10868332,0.113760024,-0.048024412,0.22742021,-0.1677577,-0.009800862,0.012783535,-0.08828595,-0.16485131,-0.012791739,0.049405683,-0.054873236,0.07968564,0.034988742,-0.0967962,0.037439074,0.11870672,-0.05347273,0.08092144,0.070762604,0.03674968,0.11925501,0.0118840635,-0.011596398,0.035565898,0.02075043,0.17786483,-0.036101516,-0.015848577,0.051401976,0.06852189,0.10142206,-0.18662764,-0.15354247,-0.07309859,-0.059892107,0.0012560535,0.00040010552,-0.012160099,-0.02469079,-0.046371657,0.058809616,-0.031211328,-0.056135494,-0.039156877,-0.043854576,0.16233446,0.21073186,-0.084342785,-0.13380452,0.10137292,-0.19027334,-0.126594,-0.0944253,-0.007810796,0.08312686,-0.005654078,-0.004440779,0.0787428,0.038038917,-0.13398194,-0.07614602,0.019820163,0.011276289,-0.05529691,0.032637745,-0.06106963,-0.05674017,-0.13094604,0.07527154,-0.05011606,0.10986546,-0.06370112,-0.02807315,-0.16743937,-0.079664476,0.04790534,0.11617708,-0.020942124,-0.07581645,0.18790628,0.067950234,-0.11592663,0.027008748,0.049253367,-0.04053628,0.027954658,0.082711205,-0.007837953,0.12735598,-0.001653539,0.05136838,-0.20301339,-0.06353326,0.019192498,0.07398861,-0.051445507
-0.0467003,-0.073797286,0.05393381,-0.016320838,0.024610585,-0.09842456,-0.11368949,-0.0006346678,0.08710514,0.08038996,-0.091393694,-0.042646684,-0.13146049,-0.034046516,0.048686955,0.11533478,0.08421763,0.0051051257,0.121043265,-0.0016092138,0.05326452,-0.19912842,-0.032644257,-0.019133376,-0.19513534,-0.1059824,-0.16284187,0.09722372,0.0985897,-0.07750506,0.05414366,-0.10716451,0.05877426,-0.030173596,0.0928676,0.03474892,0.008019277,0.23500034,-0.039950807,-0.013959782,0.17824303,0.09514694,-0.07186535,0.22150923,0.049817644,-0.053575397,-0.04651239,-0.035877,-0.08564311,-0.024059802,0.1388444,0.13521421,0.13912208,0.17047895,0.019058358,0.02723074,-0.033132643,-0.09289952,0.12207708,-0.039154984,-0.025886953,-0.024908701,-0.05918395,-0.038022295,0.036539983,-0.11079186,0.0027802198,-0.09861903,-0.096260555,-0.0007289434,-0.06922463,-0.06216751,0.04850517,-0.061263267,-0.031781305,-0.08425873,-0.12659891,0.019097393,0.10727676,-0.09254056,-0.082130075,-0.06774449,0.010130021,-0.09741426,0.08422334,0.044121467,-0.0443275,0.090837725,0.018537574,-0.03477749,-0.038842797,-0.068785466,-0.0038230766,0.0043899054,-0.05040253,-0.03758264,0.013990447,0.015292384,-0.12681423,-0.040362332,-0.013869298,-0.017877312,-0.004153464,0.15141886,-0.14498681,-0.058790874,-0.061937638,-0.066734545,-0.0040390454,-0.11500365,0.0053941133,0.15521783,-0.05254653,-0.13506353,0.026267432,-0.05545607,0.21947221,-0.08617274,-0.16733094,0.0145595465,-0.037439544,-0.04075297,0.052824575,-0.06538376,0.047440268,0.06384131,0.099187575,-0.18299763
0.0013905552,-0.008283059,0.0073858635,-0.008175248,0.038797274,-0.11445352,-0.047346123,-0.0020160018,0.077894025,0.11408435,-0.08319132,-0.023252642,-0.009502856,-0.017327668,0.064957134,0.101449795,0.08100781,-0.1144463,0.05446257,-0.038159218,-0.043280497,-0.14790381,0.0024546215,-0.06351124,-0.13131848,-0.18537629,-0.14636458,0.007664388,0.08685824,-0.04110114,0.034866795,-0.1485699,0.0931673,-0.054063536,0.08336895,0.0024064262,-0.017560177,0.19398162,-0.08162485,0.0389841,0.21906102,0.09812025,-0.06883598,0.08086339,0.11042752,-0.06719949,-0.0856769,0.04467192,-0.10112811,-0.04361824,0.07056265,0.034923166,0.15848969,0.17585668,0.0064790198,0.022482315,-0.04518191,0.030049369,0.14397499,-0.017668989,-0.021125114,0.03283441,-0.076506644,-0.040457573,0.0059680254,-0.080980666,-0.04395085,-0.051661324,-0.10368367,0.047803085,-0.05594709,-0.026459105,0.047732275,-0.032445423,-0.04399003,-0.134063,-0.15358965,-0.013386367,0.07286514,-0.02108214,-0.13150197,-0.1121077,-0.009275214,-0.13444114,0.077159524,0.029046042,-0.075854346,-0.0396143,-0.015666775,-0.028384075,-0.054297764,-0.021232205,-0.09091174,-0.04217626,-0.08004936,-0.104494624,-0.02411608,0.07807172,-0.11207631,-0.12203404,-0.012120623,-0.009395214,0.05887897,0.1529413,-0.19518289,-0.08675484,-0.108250536,-0.10495849,0.0900976,-0.09411208,-0.042861026,0.13092381,-0.0066109365,-0.117401,-0.06329462,-0.03824239,0.20996192,-0.041798394,-0.115084276,0.015212847,-0.024686432,-0.08612432,0.018405592,-0.1521643,-0.04462341,0.09774667,0.091685824,-0.2147067
-0.08873758,0.028190907,0.009127215,-0.01454515,0.03837153,-0.05902988,-0.05512057,0.011788378,0.0395085,0.1287431,-0.15646851,-0.035997383,-0.05984754,0.02030091,0.029522838,0.09665328,0.037197996,-0.009273176,0.035669867,0.0042338194,-0.18783428,-0.14106484,-0.030083448,-0.05055837,-0.19903402,-0.2090606,-0.18647245,0.14147702,-0.0013205846,-0.073925264,0.095017925,-0.027326068,0.09051979,-0.029639699,0.027408868,0.04586107,0.006566528,0.20462719,-0.06187795,0.0677806,0.1779701,-0.012605048,-0.06762871,0.047597688,0.08579402,-0.11543721,0.018915262,-0.028262066,-0.05111869,-0.117557414,0.014828331,0.040141113,0.06764957,0.094249524,0.1402222,-0.064067684,0.08285123,-0.08540902,-0.0012780734,0.076187044,-0.13129818,0.047381233,-0.0488817,-0.025419153,0.077979565,0.11990218,-0.019988354,-0.14624777,-0.03410838,0.04976759,-0.09725351,-0.1583502,0.02431406,0.0074904184,0.054727722,-0.06594489,-0.13317871,-0.04648575,0.10365058,-0.02970109,-0.152222,-0.08346366,0.10399051,0.014142548,0.0959506,0.055520263,-0.03531365,0.049330533,0.03273644,-0.055688422,-0.031602073,-0.035147868,-0.06182547,-0.13460174,-0.02659662,0.004174467,-0.08747697,-0.06308681,-0.12200053,-0.16667654,-0.05756147,0.082891196,0.004666847,0.10085833,-0.12108726,0.077191934,-0.033951696,0.091933414,0.07961206,-0.02284533,-0.13107865,0.04717458,-0.01748168,-0.11866287,-0.1105387,0.048709366,0.1457608,-0.039454546,-0.19706619,0.06655368,0.010243503,-0.10687657,-0.0045243427,-0.06402169,0.0044892,0.04893821,0.085172944,-0.17781466
0.06566259,-0.19410065,0.009523328,-0.1087237,-0.07241871,-0.11211236,0.047132157,-0.09196807,-0.046704847,0.0086572,-0.025862783,-0.14158466,-0.12504137,-0.01788924,0.022187822,0.042126503,0.1344255,-0.04921959,0.050309822,0.07322242,-0.045846906,-0.002744951,-0.03043332,-0.11707907,0.012449581,-0.092546806,-0.09431183,0.04588589,0.033782806,-0.1651157,0.080638014,-0.0723527,0.023495473,0.008659045,-0.052444894,-0.087005824,0.010833473,0.15703176,0.0050640167,-0.074114725,0.04716205,0.07459226,0.025154,0.18691882,0.03251888,-0.051836573,-0.122027904,0.07960539,-0.15322514,0.013099214,0.03031222,0.18286029,0.01638841,0.09652488,0.06962916,0.012430272,-0.023725433,-0.10780169,0.10538195,0.006939793,-0.066244535,-0.014543368,-0.08631191,-0.08644215,-0.108225934,-0.011084451,0.017180378,0.029169537,0.06364721,0.095414534,-0.09452206,0.0070908987,-0.027451899,0.06280342,0.081140906,-0.02063857,-0.16649196,0.122784205,0.08138409,-0.13260011,-0.07429641,0.026513137,-0.053118005,0.028306063,-0.09526324,-0.12331086,-0.019802967,0.017535444,0.11191585,-0.042991236,0.01577243,0.002260913,0.07642444,0.020561323,-0.15893842,0.13771075,-0.02329857,-0.12092894,-0.099950776,-0.076732956,0.042450003,0.005283446,-0.064764746,0.0071925432,-0.16617872,-0.064344615,0.002798786,-0.048261773,0.01796673,-0.13654909,-0.09846854,0.0290999,-0.15112275,-0.10125229,-0.030703876,0.0777889,0.21709277,-0.068976805,-0.048279773,0.11144641,-0.08157235,-0.07205288,0.15244153,-0.12965457,-0.2041657,0.06731508,0.04019468,-0.15953286
0.059590034,-0.09166842,-0.1083355,-0.024704807,-0.05737856,-0.06604966,0.07847818,0.017943868,0.069530696,-0.09174395,-0.050914794,-0.18216959,0.0044216476,-0.07885969,0.11869494,0.01841039,0.052514024,-0.10627745,-0.02803078,0.012847726,0.07022538,-0.092443205,-0.05665836,-0.040466502,0.016788311,0.098005034,-0.06853648,0.14140438,0.05489598,0.030624993,-0.02258595,-0.09026989,0.039340448,-0.08253758,0.10595508,-0.009111276,-0.08029027,0.22367121,-0.031590663,-0.032453936,-0.028467543,0.018636547,-0.06676929,0.17834957,0.13617834,-0.03555094,-0.010702827,0.03726276,0.10856124,-0.00051361875,0.08588704,0.26553577,0.07965129,0.1913819,0.15128483,0.067799516,-0.00084964605,0.00703047,0.009753243,0.046120886,-0.057961907,-0.17593955,0.054339904,-0.029435737,-0.14913236,-0.03694471,-0.10441421,-0.029076582,0.106776245,0.034094896,-0.09106812,-0.049764253,0.09050513,0.035803746,-0.02528667,0.085988216,-0.16604486,-0.085069954,0.10477628,-0.08780811,-0.10218748,0.11378433,-0.12698933,-0.12631609,-0.039309792,0.011728007,-0.09059799,0.040745247,0.13429314,-0.047795285,0.051373087,0.047399066,-0.017444143,-0.07276614,-0.106337436,0.025163822,-0.011168491,-0.025280925,0.06278696,-0.18499391,-0.07670007,0.09114074,-0.0611076,0.11000559,-0.0282593,-0.066879354,-0.06312336,-0.058748916,0.16849938,0.006084142,-0.20281118,0.0634696,-0.102975175,-0.117667384,-0.109602705,0.11781228,0.07568511,-0.06572276,-0.029698562,0.076089635,-0.017451115,0.0022145996,0.019957833,0.007110154,-0.08459115,-0.030592151,0.011668886,-0.055948094
-0.004716387,0.07888129,-0.14449807,-0.13504006,-0.07637171,0.03787672,0.11862449,0.06224014,0.0963573,0.007914319,-0.1626613,0.030479915,0.08335877,-0.013156077,0.049640175,-0.028036548,-0.043980356,-0.25153202,-0.04873982,-0.051787037,-0.012660566,0.01483458,-0.2274461,0.04478885,0.11684728,-0.08152724,-0.117406934,-0.027804887,0.07798541,0.029007573,0.11465675,-0.047866687,0.056385387,0.038824167,-0.032920633,-0.15887865,0.0029096121,0.09960742,-0.02456788,-0.007218688,-0.056384306,0.04695699,-0.0635373,-0.011826651,-0.004659947,-0.022285152,-0.06993775,0.1374974,-0.047491834,-0.093291104,0.01937364,-0.0776122,0.1344972,0.044907548,-0.0067330906,-0.039145634,0.004194929,0.05668825,0.07411784,-0.04608819,-0.22929797,0.051141072,0.041637454,-0.061981395,-0.08015729,-0.022155419,-0.0885235,0.12896664,0.15824822,0.0491248,-0.042061232,-0.08907252,0.079467736,0.10148755,-0.049240887,-0.00039591963,-0.08871845,-0.050344855,-0.0342799,-0.05897639,-0.16453516,-0.17244355,-0.061364982,-0.22450861,0.09897934,0.10579206,-0.13772783,-0.19475015,0.08296716,-0.050993923,0.09173533,0.06761283,0.09570151,0.08142124,-0.0465173,0.08122532,0.05074578,0.025644245,0.020682666,-0.09809075,-0.057672527,-0.08018126,0.15129659,0.023340117,-0.041423522,-0.014112383,-0.047143135,0.0027192216,0.049384188,-0.03913103,0.05200205,0.039043717,0.0172702,0.022350192,-0.11810558,0.11116304,-0.04307133,0.042181935,0.17154947,0.045811877,0.05786451,-0.18863727,0.055977803,0.008942884,0.059597023,0.078077324,0.018273626,-0.053416137
-0.0835989,-0.0024806529,-0.11498684,-0.1037684,-0.099271014,0.09782499,0.001287857,0.19037785,0.05069107,0.125811,-0.16438662,0.1008375,0.048572034,0.044740167,0.0011542761,-0.015849046,-0.02514469,-0.15796459,-0.013658386,-0.03621923,-0.016481834,-0.090107575,-0.21822871,0.101780996,-0.04855909,-0.11497466,-0.24063915,0.048498176,0.17920607,-0.027447695,0.07791262,-0.070009336,0.008688602,-0.099852204,0.08071692,-0.113153055,-0.029149631,0.06937359,-0.16634193,0.044324473,0.06037276,-0.027333168,-0.047639024,0.009703732,0.02432295,-0.14738943,0.06613883,0.08656899,-0.0476583,-0.14445558,0.05587651,-0.029811962,-0.055722818,0.019896077,0.07213206,-0.03313419,0.05857731,0.053009335,-0.026141796,-0.0069846795,-0.18575907,0.075222224,-0.04481321,-0.0015974434,-0.08840695,-0.0021382123,-0.14179987,0.181305,0.116468266,0.075389914,-0.0428679,-0.09962326,0.13379924,0.050056122,0.012318832,-0.0140607795,-0.13274586,0.101470225,0.084503055,-0.15032832,-0.15714747,-0.07647047,-0.004741579,-0.09313711,0.13160846,0.08162304,-0.08322442,-0.091200605,0.04871613,-0.04806853,0.038039386,0.06896595,-0.01259614,0.040945467,0.034974176,0.033283453,0.06304086,-0.027398393,0.0071513266,-0.05045388,-0.046104733,-0.14121065,0.095365286,-0.0656976,-0.0048134625,-0.053678095,-0.01387107,-0.01758916,0.03611536,-0.07463098,-0.0035999238,-0.04362471,0.071786955,-0.10909005,-0.07181632,0.16698593,0.07711963,0.0065058772,-0.0372638,0.073024236,-0.023369985,-0.15675636,0.08189081,0.07482263,0.07053256,0.10985227,-0.0003096604,-0.1108849
0.055525847,-0.055098042,0.041696444,-0.12098335,-0.042643186,-0.049242362,-0.050390836,0.0060964697,-0.096639186,-0.059725665,-0.12882218,-0.10605998,-0.006834623,-0.058033127,0.05552506,0.14999315,0.15180081,-0.009992499,-0.012147085,-0.009252925,0.06476841,0.007159504,-0.13035335,-0.051305648,-0.08915158,0.10035577,-0.014023093,0.11595017,-0.11335513,0.045602866,0.0971456,-0.18274173,-0.03701305,0.014810224,-0.026075313,0.022515263,-0.046753686,0.0413424,0.0002140777,0.1325056,0.06594114,-0.06585079,0.0021172808,0.08352308,0.09484876,-0.10290299,-0.02030628,-0.033311594,-0.081927456,-0.050899994,-0.028535945,0.07937875,0.10696447,0.13045688,0.048313394,0.1458201,0.07436785,-0.1207827,0.10434946,0.037376814,-0.022694172,-0.11982949,0.042483892,-0.09382619,-0.10198817,0.08718862,0.025381206,-0.12851113,0.04974742,0.036734775,0.07809514,-0.015579028,0.026670158,0.070340246,0.044236004,-0.0008311993,-0.13169415,0.05239235,0.026839186,-0.095872715,-0.10460542,0.060463477,-0.034311872,-0.047927495,-0.070800625,0.0124001205,0.049626976,-0.04929505,0.08772361,-0.19368123,0.09970594,-0.022349693,0.0260198,-0.0511381,-0.37586555,0.10100302,-0.013109007,-0.10446919,0.026682852,-0.12246148,-0.012701039,0.15045731,-0.17741537,0.210908,0.007877203,0.041110132,-0.124943815,0.05721784,0.008579783,-0.12549101,-0.043430068,-0.10284492,-0.03715584,0.04750293,-0.004922587,0.04566215,0.05615433,-0.004733494,-0.14107665,0.12465486,-0.10119211,-0.057721823,-0.010796903,-0.10939299,-0.071093604,0.04639508,-0.042233992,-0.04393411
0.00032065393,0.0064680767,-0.09598022,0.05869191,-0.0075297067,0.07732534,0.13062426,-0.0074707894,0.023312585,0.050047554,-0.012237737,-0.055561047,0.087712884,-0.042467393,0.17541075,-0.0070978184,-0.1800719,-0.12250145,-0.05556547,-0.17191027,-0.017384233,-0.024399737,-0.12555875,0.11303877,0.03159627,-0.095737204,-0.0024649564,-0.04710297,0.07171566,0.15006742,0.13324797,-0.023613604,0.08396611,-0.060778063,-0.022995152,-0.19108704,0.103581704,0.09409158,-0.13386422,-0.13411497,-0.07843078,0.16311921,-0.032101374,0.056845676,0.15170324,0.002127994,-0.027013836,-0.04080161,-0.0023643547,-0.07992583,-0.13862316,0.054609742,0.12146744,-0.06935696,0.013734996,-0.05553929,-0.054920517,-0.05389759,0.124817654,-0.017384179,-0.13871285,0.07657197,0.07260743,0.13977808,0.18462875,-0.06697354,-0.0810116,0.011897963,0.08214931,-0.05873096,0.0043236217,-0.022636963,0.048297953,0.021656191,-0.020694297,-0.08167403,0.10129467,-0.00430765,-0.02520819,0.014535827,-0.1319829,-0.1031454,-0.0088157095,-0.17169927,-0.05316629,0.015748579,-0.10870169,-0.16223821,-0.017150192,-0.07437843,0.079612605,0.079471275,-0.02942384,0.14131133,-0.1277204,-0.029941967,-0.06429504,0.16048197,-0.060490616,-0.21403241,0.06225993,0.006345344,0.064409584,-0.11391818,0.07379578,-0.08330317,-0.05767353,-0.048452016,-0.0250458,0.05361092,0.11427686,0.06252328,-0.11267848,0.069180906,-0.07377618,-0.01851935,-0.11548563,0.037645385,0.13636854,-0.006813645,0.080513835,-0.120637186,0.028363172,-0.022114158,-0.018235445,0.024542233,-0.004512638,0.097699404
0.12704776,0.017519664,0.080379166,-0.01945215,-0.109765925,-0.124234036,0.056590624,-0.079806715,0.037332863,-0.14655964,-0.12985334,0.06911201,-0.044564374,0.035475705,-0.034861486,0.01671955,0.11367531,-0.003218102,0.07415161,-0.018000383,-0.00834683,0.0063962503,-0.05475789,-0.033485185,-0.03227959,0.13290186,0.11135871,-0.025065592,-0.14926942,-0.039181948,0.10891008,-0.14881666,0.20549779,0.20115463,0.045496494,-0.04991593,-0.058372285,-0.12033753,0.0009715642,0.01986536,-0.038360152,0.013524703,0.017808456,0.025265418,-0.087158106,-0.049226657,-0.21004432,0.009432185,-0.03520988,-0.005353804,0.077607915,0.06262238,0.016018068,0.04765803,-0.020865448,0.100602955,-0.05144817,0.1193489,0.07341267,0.019368386,-0.060777716,-0.115248024,0.044491086,-0.040947065,-0.141197,0.09905136,-0.12141769,0.023262432,-0.14416146,0.06520619,-0.061399564,-0.10733615,-0.053502478,0.02377413,0.021443216,0.06248481,-0.12543808,0.044582732,-0.051714633,-0.03032736,-0.16892813,0.14926474,-0.064464696,0.085780814,-0.09368652,-0.021871269,0.122778215,-0.12149031,0.15808967,-0.014609204,0.23423488,0.06038992,0.09592116,-0.059131563,-0.03785432,0.19379546,0.043742415,-0.15738617,0.06013408,-0.092035785,0.013230941,-0.023062915,-0.0886089,0.02313002,-0.06841838,0.043190006,-0.057229,0.09710214,0.04810428,-0.17434052,0.030928733,-0.022701988,-0.024977418,0.023179783,0.05937496,0.11989335,0.07226674,0.20978092,-0.019920463,-0.0241429,0.04124629,-0.06842691,0.00025458777,-0.0034923858,-0.11147804,0.0020157823,-0.0611853,0.058950298
0.14068907,0.041576114,-0.0078117717,0.05362132,-0.048904017,-0.041991122,-0.11990114,-0.08880809,0.06623019,0.037635222,0.03639013,0.013221485,-0.0023226829,-0.04277291,-0.049626656,-0.03787901,0.14829795,-0.29302493,-0.08031722,-0.10694835,-0.07544132,0.05109371,0.08484388,0.028296547,-0.062280994,-0.2399284,-0.017607681,-0.093851626,0.17455588,-0.058555268,-0.084880345,-0.12801951,-0.061100658,-0.061091803,-0.02644581,0.07738998,-0.08233136,0.104047105,-0.17668435,0.08790375,0.18438627,0.05777816,0.05368962,0.03747444,0.06676316,-0.0790691,-0.08114282,0.0024273163,-0.0117898015,0.032982823,-0.15351683,-0.10321935,0.13844861,0.21151148,-0.0018072857,0.06828396,-0.029267345,-0.004088635,-0.0028401895,-0.082990125,0.057818152,-0.026249904,-0.14350148,0.04101025,-0.022339774,-0.015683735,-0.003598224,-0.0116816005,-0.07262065,0.08338307,-0.0015012377,0.08945705,-0.029759413,0.035954963,0.059413653,-0.09802083,-0.07810971,0.06383454,-0.031487916,-0.038087722,-0.019686224,-0.03885479,-0.023350848,-0.039454628,-0.08440905,-0.019101635,0.043794956,0.014445577,-0.0054306365,-0.10539803,-0.18147512,0.022331346,-0.048163407,-0.05962082,-0.09567888,0.002583627,-0.014459701,0.12243482,-0.16121154,-0.03457551,0.003114098,0.11339475,0.15627721,-0.047354028,-0.16679977,0.002456547,-0.11534619,-0.073287405,0.09676857,-0.10127026,-0.08523003,0.068397105,0.037771057,0.04694141,0.062222682,-0.010111154,0.112765744,0.033358164,0.04276167,-0.071151406,0.041834444,-0.11159402,-0.016422532,-0.18842073,0.018194538,-0.02494113,0.044780947,-0.18640202
-0.030333243,0.04574626,-0.0116024995,-0.025167609,-0.020087905,-0.104444355,-0.093017414,0.10704812,0.14180279,0.036531646,-0.14997552,0.03890599,0.02266022,-0.039323978,0.018274482,0.06549875,0.08753008,-0.13999866,-0.010061253,-0.023996864,-0.032305147,-0.027582465,-0.16759545,-0.042373925,-0.1313259,-0.16027975,-0.18003786,0.007193026,0.055358287,-0.04279274,0.023689883,-0.06268118,0.030910123,-0.021857273,-0.08328929,-0.069541164,-0.03363745,0.15571393,-0.19173221,0.12578633,0.18474467,-0.0038945,-0.014785541,0.007213373,0.09355154,-0.10930257,-0.10900069,0.017754534,-0.087208934,-0.06613133,-0.08092568,0.01831014,0.09608435,0.19331448,0.069890946,-0.0147572225,0.19024093,-0.028463606,0.0031786065,0.053511877,-0.16817692,-0.04916172,0.0035352123,-0.060384765,-0.034934327,0.014521167,-0.098476484,-0.03257709,-0.08228935,0.07134131,0.028377172,-0.038174067,-0.016035765,0.009516688,0.039191,-0.13914956,-0.1989402,-0.082495116,-0.014449162,-0.0613295,-0.030020067,-0.07372134,0.030250853,-0.06770587,0.16166845,0.0991404,-0.07483425,-0.13941085,0.020876145,-0.06501019,-0.052800607,-0.018132823,0.0002570541,-0.121835425,0.0067999596,0.02463071,0.032625247,0.012803063,-0.06644972,-0.027616372,-0.07511108,-0.011438662,0.14177057,0.10272009,-0.038160857,0.06401116,-0.11398652,0.1006389,0.18700713,-0.14086527,-0.01987283,-0.012477127,0.10617645,-0.027441988,-0.08882057,-0.0055167917,0.19795692,0.06000972,-0.033665285,0.045737855,0.015775634,-0.16965134,0.07406348,-0.027733931,-0.039303977,0.058315907,0.044313632,-0.1895209
0.02873589,-0.021797452,-0.009084734,0.062330678,0.11995072,0.03204291,-0.004630165,-0.008660632,0.012488358,0.014442971,-0.12180402,-0.045292858,0.065061815,-0.02542885,0.04662507,0.018537983,-0.055025995,0.04714338,0.04495225,0.051278897,-0.25229615,-0.27896777,0.09871522,0.15598118,-0.16393837,-0.0422487,-0.0048303357,0.050050046,0.031538036,-0.07911536,0.13714123,-0.06637762,0.23641586,-0.027972959,-0.010989217,-0.030944912,0.055068586,-0.21022795,-0.07175988,0.13832119,-0.008763308,-0.00434741,-0.100749284,-0.052849956,0.11991729,-0.020691562,-0.04250115,0.11734,0.07926278,-0.1074732,-0.04779522,0.02493606,-0.08416897,-0.014799261,-0.031511668,-0.26039958,0.031369623,0.119040236,0.06937131,-0.116945155,-0.12784907,0.07516346,-0.020912576,-0.010541023,0.08701483,-0.034907594,-0.048249654,-0.11214624,0.07871324,-0.06333119,0.057329666,-0.078763336,0.03076915,0.020636933,-0.03368051,0.02468533,0.017244283,-0.12817687,0.1210695,-0.04112794,0.024548251,-0.014530635,0.1393114,-0.024209145,0.031202698,0.00592189,0.008293595,0.09355709,0.016562829,0.035807844,-0.09312383,-0.0418503,0.06198343,-0.0562421,0.011618926,-0.12524252,-0.060116548,-0.038087245,-0.0025061688,-0.109480076,0.18689047,0.07067907,-0.15927432,0.08371715,-0.026188893,0.030690052,0.11078403,-0.036137328,0.07793281,0.1614764,0.06113215,-0.051879108,0.0076725963,-0.111492984,-0.14998643,-0.06864157,0.037097022,-0.008023699,0.011602137,-0.0066700047,-0.118856326,-0.104625165,0.09104101,-0.011663266,-0.014611315,0.016940845,-0.13244906,-0.026810402
0.084605195,-0.1927613,0.14371645,-0.10998312,-0.074553065,0.057094548,0.108681396,-0.051966373,-0.11834348,-0.0079260925,-0.11721134,-0.08054627,0.023614205,-0.07692734,0.04107611,0.13022205,0.11073489,0.015304324,-0.005800148,-0.03623002,-0.021442417,-0.012269626,-0.04586911,-0.055616144,0.11127728,0.063556194,0.009969547,0.07521857,0.003489579,-0.12659922,0.073827714,-0.1243405,-0.036970705,0.04013622,-0.025614979,-0.042247515,0.05377498,0.025122663,0.03665618,-0.08994851,0.04720187,0.007425129,-0.054575533,0.066742286,-0.060429096,-0.08664493,-0.1444885,0.11224021,-0.17184453,0.014934484,0.04896955,0.09587141,0.024023516,0.050480776,0.0031945496,0.09739762,-0.08306988,-0.024129078,0.076381,0.046175778,-0.012076562,0.00534418,-0.08664229,-0.07868914,-0.13021708,0.08207095,-0.0076591694,0.029828327,0.13469993,0.07099692,-0.019982148,-0.05218398,-0.05022101,0.0618097,0.020683497,-0.017420907,-0.105417676,0.12616311,0.14522298,-0.08588869,-0.071771115,0.09808892,-0.102747805,-0.07316749,-0.14144611,-0.03233777,0.15154509,0.02048932,0.09921715,-0.09757756,0.0835485,-0.0021617447,-0.03942064,0.0008687609,-0.27573803,0.1164917,0.013369415,-0.13932292,-0.0631268,-0.078681424,0.083369136,-0.052728385,-0.19488518,0.17558049,-0.011700044,-0.02584819,-0.025759459,-0.0870618,-0.051408604,-0.115195,-0.041536972,-0.059908405,-0.10081214,0.012545263,-0.0009625157,0.07875453,0.19191243,0.0014192674,-0.14964901,0.109733045,-0.09295556,-0.12301305,0.104531184,-0.11613656,-0.084014624,0.09498799,0.0042663123,-0.09268643
0.17541015,0.06565735,-0.012387462,-0.18876952,0.02358917,0.04197501,0.026351461,-0.053997047,-0.06690518,-0.1418466,-0.039718505,0.06672038,-0.10003622,-0.12541837,0.017451346,-0.086593345,0.098210946,-0.17071265,-0.0077972324,-0.034807827,0.052821513,-0.029541302,0.14039773,-0.06994086,0.0028923266,-0.114305966,0.08248129,-0.22769992,0.044057637,-0.09646975,-0.017142897,-0.20142516,0.11084142,0.1295391,0.093803346,0.10389954,0.039625783,0.082917616,-0.027864136,-0.11725043,0.09976355,0.0018817222,0.018683193,0.21458942,-0.07878375,0.026332894,-0.15654506,0.09061981,-0.0358564,0.012848988,0.03682174,0.075847596,-0.017346893,0.106263064,-0.018718231,0.12673523,-0.15905353,0.04321736,0.07964828,-0.058190186,-0.019034827,-0.04027545,-0.07015668,-0.07793787,-0.0881183,0.0522091,-0.041497324,0.08843499,-0.008175349,0.12811983,0.1202774,-0.010308341,-0.057850834,-0.014857239,0.058862776,-0.0792652,-0.037258882,0.02100187,-0.022997692,-0.07402478,-0.09158116,-0.15945712,-0.10519077,-0.04704366,-0.17053053,0.012759006,-0.043543376,-0.103066534,0.050063707,-0.14769064,0.100936435,0.04400005,0.08074544,0.078123026,-0.049182087,0.0498466,-0.07378261,0.07571907,0.099665895,-0.040292718,-0.03413641,-0.03600253,0.068054765,0.018163748,-0.19815663,0.007964975,-0.00811352,-0.052607358,0.0078189345,-0.11063683,0.052155107,-0.016871229,-0.06398867,0.078731075,0.037182998,0.037568398,0.17443606,0.13266346,-0.12070998,-0.013643926,0.07573849,0.016241506,-0.065599605,-0.022601062,-0.071462,0.046066094,-0.092619225,-0.08744319
-0.048216246,0.0847024,-0.00013430203,0.10692962,0.04868861,-0.08284922,0.017330516,0.087424174,-0.0007991795,0.21826434,-0.046532612,-0.13233969,-0.004636768,-0.05887341,0.04183233,0.16970293,0.025843274,-0.11651714,0.018562164,-0.032265946,-0.22844173,-0.07713362,0.06723968,-0.14171986,-0.07441724,-0.07124164,-0.018567298,0.053963084,0.017056825,-0.0927064,0.027513454,-0.11426172,-0.075388275,-0.03494773,0.16862793,-0.013761447,0.077799484,0.15880196,-0.083425924,0.050024442,0.08656661,0.043205697,-0.037765365,-0.052001942,-0.049600337,-0.13230297,0.033219278,-0.018829357,0.018073538,-0.030445438,-0.11664953,-0.0646061,0.10531342,0.016318712,0.0731846,-0.113858655,-0.03488173,-0.12754768,-0.055974625,0.08433473,0.00073861744,0.08778249,-0.117186524,0.1716225,0.092250064,0.12308775,-0.018333653,-0.10397101,-0.032062877,0.030121064,-0.17613338,-0.08082503,-0.13670276,-0.007405694,-0.013174234,-0.106444016,-0.06969529,-0.011187242,0.05626368,-0.044721093,-0.11203874,-0.07438137,0.05142875,-0.047467377,0.036474463,-0.05919127,-0.13376993,0.09414277,-0.04672384,0.057821747,-0.10940992,-0.021199128,-0.031306688,-0.03828059,-0.0013385311,0.010692029,0.019089311,0.049620245,-0.1829203,-0.16052309,0.021934025,0.12910016,0.099302925,0.16440384,-0.17757587,0.068050385,-0.069640845,-0.032337956,0.12258979,0.08257392,-0.19347331,-0.02127116,-0.034596927,-0.048062146,-0.007993414,-0.046854604,0.029148689,-0.08421446,-0.11349084,0.07113086,0.029129088,-0.0080827335,0.036279943,-0.053639524,0.01376269,-0.0052932636,0.15361707,-0.1373134
-0.025568195,0.17744038,0.08937091,0.027112994,-0.03911123,-0.084153555,-0.0695106,0.09104532,-0.038675413,0.091191925,-0.17931971,0.014942233,-0.019713392,-0.092932545,-0.09194667,0.0347773,-0.0048956843,-0.085259646,-0.048484713,-0.0953175,-0.07717718,-0.068542026,-0.086773545,-0.16260104,0.034492392,-0.034765314,0.004856534,0.043337565,0.018993454,-0.04534905,0.08863891,0.0016802674,0.0008680318,0.049524188,0.1929143,-0.05376828,0.083508834,0.03449087,-0.08009239,0.070209615,-0.08159769,0.0036893226,-0.060265686,-0.076243736,-0.11601874,-0.14505419,0.058653664,0.071437925,0.061897278,-0.0600566,-0.15444015,0.036649443,0.057197865,0.11985535,0.051326815,-0.011171294,-0.018212114,-0.04519742,-0.13205127,0.061489012,-0.10187667,0.034221586,0.005163289,-0.16375719,0.032314576,0.10128039,-0.10115178,-0.025470503,0.05396862,0.018568696,-0.21312852,-0.043868866,-0.10427882,0.023392897,-0.014139349,-0.040445436,-0.14720231,-0.09404128,0.06251158,-0.058198117,-0.20793723,0.0429726,-0.104346395,-0.12124941,0.048703108,-0.057826605,-0.0932025,0.018117964,0.054823235,0.082014956,0.02157131,-0.10406272,0.0045908997,0.023192365,0.09181699,0.14720884,-0.04026844,-0.0745068,-0.13385521,-0.11918781,0.047421012,0.046335977,0.24160914,0.11254402,-0.10445853,0.1553781,-0.12031775,0.12903452,0.10596705,0.052841447,-0.019515468,-0.029489852,-0.0054232194,-0.0153326765,-0.014356105,0.114573695,-0.07405518,0.067494854,0.044639304,0.121390216,0.041422352,0.050992146,-0.035650834,-0.08610782,-0.055068,0.037609678,0.15262812,-0.15529227
-0.058874685,0.09194757,-0.13092284,-0.07113525,-0.09783074,0.021115549,0.10592324,0.119952984,0.028126223,-0.032273892,-0.046411805,-0.15034954,0.022447912,-0.030556196,0.08416907,-0.0006829311,0.007758312,-0.2961333,-0.12958828,-0.06136838,0.09324737,-0.021488708,-0.20444539,0.005447537,0.14082503,0.08426271,-0.04606925,0.13809983,0.124169834,0.035198666,0.026331618,-0.011815917,-0.0023088285,-0.04861022,0.07363628,-0.106902726,-0.124431714,0.11786958,-0.07476785,0.059178393,-0.048413195,-0.042546045,-0.09047859,0.021950386,0.100933395,-0.033926796,0.07489735,0.036796633,0.09153392,-0.050768174,-0.0031924467,-0.023180924,0.10802767,0.061609425,-0.0045271255,0.048563782,0.038451243,0.03624695,-0.021803953,-0.012019989,-0.14296952,-0.04701392,0.1086986,-0.008695791,-0.18324602,0.03233278,-0.16001673,0.08692931,0.10363835,0.065319955,-0.04811752,-0.0116617065,0.06095914,0.06575827,-0.049996827,0.035721827,-0.19190775,-0.12043828,0.023823997,-0.049013443,-0.13845073,-0.05657511,-0.082196586,-0.2766396,0.09115335,0.029599505,-0.09792598,-0.15435293,0.16190495,-0.055039316,0.07645231,0.08975726,0.026280498,0.0878601,-0.052259266,0.113673344,-0.0037576365,0.039618123,0.079830885,-0.1255502,-0.08018448,0.04355235,0.07944046,0.07508515,-0.0014432311,-0.008937131,-0.058694545,0.0181357,0.1868903,0.059358634,-0.01016088,0.086631805,0.077985145,-0.07503307,-0.06443179,0.07108381,-0.012151805,0.008545905,0.098182574,0.034110807,0.03609287,-0.084777564,0.03659684,-0.06074119,-0.014338027,0.008503416,-0.071247295,-0.050611172
0.11788706,-0.14446539,0.018658556,-0.05233058,-0.059657365,-0.0916442,0.024489844,-0.054654352,0.01753553,0.036607515,-0.13132058,-0.016391411,-0.04828224,-0.028525528,-0.022432212,0.07761544,0.16974707,-0.06790998,0.06203719,-0.018327033,-0.021251349,5.396902e-05,0.02084528,-0.11473287,-0.04930289,-0.07196125,-0.025462156,0.028685542,-0.010022402,-0.14680246,0.045407638,-0.10312362,0.0007891,0.00025065136,-0.001709989,-0.08827705,-0.028392412,0.13571922,-0.11228301,-0.03238593,0.118166074,0.08760407,0.03821515,0.20931472,0.03499685,-0.13197485,-0.14933668,0.13261445,-0.09920289,-0.005234924,-0.0012722766,0.18278444,0.01414577,0.14334126,0.07869968,0.0034796705,-0.012608738,-0.0852535,0.09998174,-0.031780113,-0.076484166,-0.059852622,-0.06766263,-0.050935168,-0.04811422,-0.047808826,-0.07670045,0.028745662,0.041471887,0.067580625,-0.016699266,0.020475715,-0.042764492,0.039412916,0.0598038,-0.0030828346,-0.14872713,0.17007227,0.06610553,-0.17371736,-0.07184459,0.020282326,-0.04156909,0.040780198,-0.13937497,-0.06329171,-0.07659042,0.073663376,0.04786608,-0.049295127,0.02286028,-0.05943789,0.08504945,-0.04241181,-0.14162683,0.11646339,0.036812346,-0.09791557,-0.105388016,0.0048815366,0.069733545,-0.0010873532,-0.03658613,-0.00027609707,-0.13249919,-0.13881831,-0.05063381,-0.0029860213,0.023851193,-0.1680279,-0.028331328,-0.046443548,-0.115960546,-0.099855855,-0.0047682216,0.031511556,0.266206,0.03904035,-0.0449194,0.07479079,-0.11912778,-0.18892676,0.12978718,-0.13960527,-0.16401424,0.018894043,0.051171016,-0.15921097
-0.035458867,0.04149493,0.034754515,0.016488865,-0.0038999773,-0.0005446011,0.110170335,0.08487285,0.15272051,0.07706218,-0.09824319,-0.1268349,-0.07261759,0.026356881,0.04813486,-0.038112048,0.17104582,-0.18926762,-0.08788571,-0.09272112,-0.16672567,-0.12030579,-0.17517434,0.13937277,0.008568281,-0.11171119,-0.16194703,-0.045006935,0.04689214,-0.011661636,0.0064644204,-0.022090089,0.124456696,0.1620934,0.0015187544,-0.084583975,0.05231619,0.09662443,-0.103102036,0.024600826,0.029467989,0.10009072,-0.042986695,0.10909436,-0.037882272,-0.008773133,0.061609108,0.028291997,-0.11152972,-0.112410024,0.1070623,-0.13524778,0.21404198,0.0010040965,0.05307971,-0.0072166743,-0.04048909,-0.0035990968,0.14728278,0.043229673,0.017124651,0.05414261,0.024020903,0.024545318,-0.09924788,-0.002829107,-0.049853962,-0.040857237,0.055821583,-0.013070807,-0.14825055,-0.014124251,-0.0030866368,0.08728993,-0.08135155,-0.105944104,-0.08898337,0.07674147,0.13816257,0.05819899,-0.09799294,-0.1354158,-0.076062545,-0.17028727,0.078146,-0.027667332,-0.039568964,-0.22020294,0.064927295,-0.051639024,0.070916675,-0.0015456078,0.033428278,0.097321205,-0.033992514,-0.062194273,0.09861086,0.050163213,-0.013126757,-0.18504551,0.111544624,-0.064876266,-0.018911947,-0.019652179,0.05920198,-0.049112264,-0.033113483,-0.15072593,0.16412646,-0.003084441,-0.04577218,0.093286075,0.072388045,-0.00018600753,-0.024873888,0.010333694,0.0074451314,0.05321196,0.05439122,-0.010846072,-0.021420807,-0.039815634,-0.11657377,-0.09623785,-0.021331983,0.1734682,-0.08967948,-0.050429087
0.08355512,0.11105888,-0.030524597,-0.062178057,-0.010571416,0.03278549,-0.28099534,-0.0134810135,0.03070258,0.08087573,-0.08334143,-0.044424165,0.020430088,-0.08177544,-0.046867818,0.013550594,0.10581213,-0.24596031,-0.11944192,-0.052889094,-0.12142576,-0.0597941,-0.0130349975,-0.03124814,-0.034094714,-0.191146,-0.01768278,-0.07990442,0.059517216,-0.05899912,0.06279244,-0.15243228,-0.033785895,0.009538512,0.06642852,0.049746886,0.19024822,0.034555264,-0.081624724,0.18223758,0.09089747,-0.026699696,-0.01753584,-0.035581417,0.011582637,-0.18253921,-0.08627739,0.024565361,0.10316887,-0.07964076,-0.19931464,-0.06847251,0.067158565,0.16700825,-0.0384692,0.009663541,-0.026088785,-0.08974812,-0.039080586,0.058769785,-0.07027417,-0.072009176,-0.115412824,-0.0030797496,0.020161811,0.07299046,-0.042402253,-0.05410903,-0.033719312,-0.019002104,-0.1790017,0.14723386,-0.0035934588,0.110912755,-0.014698608,-0.04271392,-0.13044667,0.036441457,6.231586e-05,-0.029713577,-0.13785757,-0.14803164,3.0364637e-05,0.020991517,-0.08687864,-0.021264607,-0.03421075,0.09369616,-0.016127203,-0.059747007,-0.1543088,-0.092049554,-0.021339966,-0.0070421793,-0.114508614,0.018274883,-0.06622718,0.06144407,-0.06531626,-0.10423244,-0.051973943,0.12461936,0.035681482,0.15732616,-0.15890543,0.08807087,-0.02569434,0.022713555,0.07305612,0.035130784,-0.12237212,0.009563995,0.032930154,0.015355013,0.06897415,0.09931383,0.02432684,0.021812128,0.010844386,0.02795554,-0.04789501,0.0005446506,-0.13234532,-0.1306909,-0.007720354,0.029265162,0.124372885,-0.09843134
0.011984265,0.110969655,0.079345,-0.020100283,0.06041171,-0.11205192,-0.10555254,-0.03374541,0.13871251,-0.008641971,-0.029815735,0.04995001,-0.040004034,-0.07952836,-0.044551585,-0.03507526,0.118185826,-0.21197654,-0.008141802,-0.059262928,-0.079595685,-0.051093116,0.02096681,-0.026272623,-0.08358169,-0.20180333,-0.01926933,-0.0866855,0.09264613,-0.08133825,0.08226635,-0.10588332,0.14537883,-0.0022845932,0.06430433,-0.12908086,-0.084581085,-0.030735003,-0.22835174,-0.017297901,0.16760547,0.05914001,-0.11392287,0.07185126,0.05496139,-0.07583382,-0.091833934,0.045015495,0.0077614025,-0.04445291,-0.0569483,-0.057311524,0.13663587,0.1954605,-0.029760087,0.015551482,0.015036875,0.112724714,-0.028598899,0.041282874,-0.099033654,-0.037486263,0.028873228,-0.045740604,-0.036261756,-0.008526824,-0.022485126,-0.07677703,-0.22441508,0.025251592,-0.117508866,0.08033372,-0.093334466,0.04101005,0.08649543,-0.030550757,-0.18504663,-0.014270887,-0.05216661,-0.0063681216,-0.11280161,-0.017595308,-0.10666535,-0.08184441,0.0016711545,0.017545592,0.033530455,0.06298014,0.17204058,-0.07756743,0.044286836,-0.02822704,-0.0060579414,-0.03500481,-0.06192692,0.053911883,0.0036616097,-0.014863226,-0.03975632,-0.14035735,0.039945267,-0.036624033,0.18290445,0.13211869,-0.12715915,0.07168783,-0.10349139,0.058782607,0.12631704,-0.063024536,-0.045368318,0.013835956,0.0738297,-0.057894353,0.061868273,-0.032338843,0.19044913,0.1278666,0.0965092,-0.0135165,0.029803304,-0.06077766,0.05140027,-0.17062037,-0.015407675,0.0025777132,-0.06704156,-0.1474852
-0.024474118,0.047196396,0.013672625,-0.06501962,0.01900517,0.019521669,-0.20707007,0.120681584,0.021171017,0.13157883,-0.10940386,0.08019327,0.027119786,-0.111992195,0.06662331,0.066678874,0.12812959,-0.13282986,-0.008319751,-0.07994131,-0.031256493,-0.07833827,0.011189103,0.060875606,-0.1517632,-0.19697164,-0.09431105,-0.027489439,0.18409842,-0.0095452685,0.026780833,-0.19648407,-0.067440405,-0.021119617,0.044830915,0.044750575,0.035909366,0.1257331,-0.07628715,-0.011697205,0.19664918,-0.05254845,-0.03210304,0.026629189,-0.09250066,-0.10512349,-0.13794251,-0.008384231,-0.025183093,-0.026688484,-0.011697186,0.0322174,0.06931791,0.08545432,-0.044256803,0.0005167914,-0.17217119,-0.041173425,0.1219737,-0.053801768,-0.0971726,-0.051500108,-0.1298501,-0.10406042,0.0037145235,0.072044715,-0.024722645,-0.02136384,0.034230586,0.044780068,-0.010407572,-0.055016547,0.13564605,-0.019255549,-0.08452014,-0.12506405,-0.13511546,0.038528048,0.0702854,-0.04099492,-0.09693626,-0.18676735,0.002162878,-0.068687566,0.058117114,0.08955373,-0.062311172,0.009488704,0.036321126,-0.12178048,-0.08292133,-0.0051510585,-0.1197859,-0.020962037,-0.12362298,-0.0071551125,-0.004269516,-0.020880194,-0.08456964,-0.10122059,-0.059442714,-0.04742796,-0.001279003,0.23143877,-0.20028509,0.034656674,-0.042056423,0.023089895,-0.025516208,-0.17133845,-0.015035919,-0.05790725,0.0020363634,-0.03576677,-0.014231168,0.10141794,0.11205605,0.060884666,-0.115588754,0.09558057,-0.021409329,-0.11322273,-0.06168747,-0.03740403,0.100300275,0.06728135,0.12108048,-0.0993237
-0.018133044,-0.03884779,0.046312787,-0.16107163,0.025717542,-0.11697577,-0.028263453,-0.052387998,-0.028628156,-0.07995755,-0.03159185,-0.17757677,-0.029826287,-0.01203893,0.036002148,0.059970457,0.06819905,-0.045809112,-0.024243556,0.0666119,0.05696021,-0.18534993,-0.108782604,-0.08553606,-0.13809434,-0.0044849417,-0.11784447,0.052415784,0.0428427,-0.016203446,0.09098703,-0.12322081,0.09914322,0.07515162,0.06926013,-0.004906229,-0.040392697,0.19552991,-0.06628419,0.0145234205,0.037175607,-0.019068914,-0.07502789,0.17915757,0.02119499,-0.04003506,-0.03511915,-0.0027048816,-0.11762094,-0.0023233332,0.08834217,0.14349917,0.1600238,0.12201596,-0.013667247,0.03634649,-0.035205,0.031635646,0.1001996,-0.031515248,-0.08587038,-0.04756416,-0.010592702,-0.17618811,-0.17701232,-0.029974043,-0.007774804,-0.13095805,0.028733503,0.094965585,-0.047840845,-0.11135947,-0.013257611,0.06683492,0.057686727,0.0098723285,-0.11050509,-0.056799322,0.09490306,-0.040522292,-0.20226134,0.033088066,-0.085296735,-0.11072387,0.017862326,-0.09738417,-0.091906145,-0.027584653,0.15477376,-0.019713014,0.13715604,0.018234039,0.121243924,0.069861524,-0.23112077,0.09377691,-0.032413237,-0.035421528,-0.0070247953,-0.10259262,-0.03771441,0.051711727,-0.062495876,0.19795892,-0.07055666,0.05690742,-0.07032624,-0.061517533,0.04582396,-0.075330675,0.02912134,0.08375442,-0.084206186,0.04246975,-0.041935373,0.007788673,0.1653972,-0.058208905,-0.09500756,0.03159352,-0.086525746,-0.020047208,0.02604084,-0.15352783,-0.07238009,0.18145405,0.0061979974,-0.04932655
-0.0019882084,0.08665314,-0.012933253,-0.27341953,-0.08815646,0.113223135,0.044547964,-0.090634406,-9.700851e-05,-0.06477065,-0.08987644,0.22321834,-0.0031708132,0.04841914,0.0074408446,0.0108771995,0.083604984,0.02172922,0.014494787,-0.0654272,-0.03253572,0.011031208,-0.12132149,0.08143139,-0.031483874,0.020683361,0.052882932,-0.16080661,-0.06676544,-0.030405767,0.055867907,-0.070490375,0.0986402,0.12504101,-0.040248938,-0.03519482,0.033084612,-0.084363505,0.04896767,0.0068101957,-0.062908836,0.018652266,0.029444974,-0.09684609,-0.01631464,-0.08890078,-0.31298724,0.029820023,-0.026428672,-0.02777916,0.118426986,-0.039282084,0.036393717,-0.08371604,-0.09834874,0.16597338,0.1118069,-0.024350474,0.055955227,0.11623122,-0.1377919,-0.106387004,0.05629007,-0.034589075,-0.15801583,0.14086394,-0.08939906,0.004735,0.018534536,-0.02139873,-0.075209185,-0.15721141,0.040751494,-0.06785896,0.007558315,0.059488114,-0.17174706,0.03283209,-0.119756885,0.010307171,-0.10553077,0.054198172,-0.07466556,0.045739856,-0.06081109,0.16111368,0.1518376,-0.017424418,0.14053226,-0.036372162,0.18080506,0.075089246,-0.048539456,-0.06152047,-0.07285861,0.09085839,-0.00962912,-0.0567936,-0.0042240764,-0.13980027,-0.050228033,-0.028052162,-0.08822032,-0.08119431,-0.11570755,-0.0013510209,0.00672218,0.09410986,-0.066604316,-0.12860432,-0.02321777,0.00080942054,-0.042700212,0.045215704,-0.0011676672,0.08549659,0.023520818,0.09338738,-0.0065208427,-0.051333275,0.17537157,-0.0052069426,-0.02491464,-0.009779241,0.12983218,0.020553103,0.053413745,0.06921126
0.16727048,0.022934215,0.005337642,0.0041805827,0.059458543,0.029980157,0.10296209,-0.09242514,-0.034658566,0.04264299,-0.07011113,-0.018374758,0.034795422,-0.028834945,0.12658943,0.0024661843,0.017731734,-0.04466632,0.075108215,0.015585974,-0.22028974,-0.18310647,0.11869407,0.040972643,-0.0886565,-0.12575835,-0.057071347,0.020221204,-0.0034643225,-0.09822391,0.091525875,-0.02771308,0.28250417,0.09226345,0.07797858,-0.014209194,0.0732555,-0.098375715,-0.0071296874,0.08133325,0.036372684,-0.044114567,-0.04212186,-0.0590001,0.109315366,-0.034380518,-0.12014678,0.049635302,-0.033184655,-0.16222139,-0.03364596,0.051911686,0.07200706,-0.053835303,0.014617472,-0.133449,0.09949468,0.04842736,0.06973476,-0.13709769,-0.13169153,0.009758034,-0.12063919,0.03296594,0.14112422,-0.044031005,-0.0072488566,-0.08768835,0.03860993,0.0323858,0.08916883,0.02937998,0.05404206,-0.058737174,-0.05479407,0.10732031,-0.11941998,-0.06104175,0.0910753,-0.1803498,0.016777623,0.01471146,0.034364417,-0.04051436,-0.08717253,-0.10262228,-0.04087342,0.110534415,-0.14267279,-0.051039733,-0.035087425,0.035686374,0.000603421,-0.026548078,-0.11598023,-0.082104646,-0.21438335,-0.0461578,0.040440492,-0.19192368,0.06657338,0.16936883,-0.02784747,-0.008231968,-0.21437593,-0.100111455,0.14334556,-0.07922658,-0.07136459,0.10420199,0.0040786997,0.02506397,-0.07013827,-0.064959876,-0.03882912,-0.052294537,-0.049588386,-0.015631957,0.07236199,0.041751344,-0.042954404,-0.12662692,-0.043865092,-0.003565885,0.016067825,-0.043985944,-0.12229416,-0.07655121
-0.052000523,0.12557216,0.11470128,0.014913925,-0.009376976,-0.03853135,-0.21784581,-0.02558538,0.016386094,0.118280806,-0.003076265,0.12589155,0.091248214,-0.16435567,-0.052706327,-0.039791975,0.10576527,-0.18497153,-0.010394099,-0.09593671,-0.13651636,-0.056169923,-0.038066227,-0.054602902,-0.21294267,-0.1330952,0.10951724,-0.1638389,0.031187959,-0.04844865,0.0016127414,-0.10737959,0.027016854,-9.4578885e-05,0.047762975,-0.039083593,0.06350804,0.10936964,-0.20947252,0.086279206,0.100876264,0.06889253,-0.02955104,-0.044587277,-0.020343298,-0.17935948,-0.22077928,0.038335484,0.07924507,-0.020093877,-0.1598449,-0.018865407,0.19965982,0.22819759,-0.031158568,-0.0024053925,0.09517047,0.014098025,-0.07120188,0.037679564,-0.10661155,-0.12767817,-0.0346927,0.024681792,0.12613648,0.035715748,-0.027466552,-0.071936324,-0.071518354,-0.062473062,-0.044037636,-0.011843406,-0.08425652,0.012989896,0.020046888,-0.025822328,-0.04362196,-0.02659247,-0.07986303,-0.010697773,-0.0007773431,-0.13697453,-0.018793821,0.011046363,-0.009519227,0.017732572,-0.05063441,0.041838575,0.022823183,-0.07621304,-0.100108,-0.064356476,-0.00418141,-0.07015123,-0.01989694,-0.040335484,-0.016398847,-0.031252097,-0.008497669,0.005695329,-0.087318406,0.08341346,0.016634028,0.13813552,-0.09817484,0.08380837,-0.1039408,0.1237972,0.1636089,-0.036329854,-0.013824063,0.0014217554,0.09630056,0.02646303,0.08410273,-0.023809595,0.062005587,0.14527485,-0.08631581,-0.038377613,0.038456522,-0.018183077,-0.09061232,-0.1349446,0.032520577,-0.0881563,0.096432984,-0.022882087
-0.021817055,0.24623995,0.0144178495,0.107666865,-0.06210971,0.018428283,-0.094441116,0.03950508,-0.06816595,0.17620085,-0.09756941,-0.021475099,-0.001721231,-0.007134487,0.013869562,-0.0015659195,0.00823942,-0.0007399106,0.023318894,-0.07112472,0.002589664,-0.11905164,-0.015173217,-0.18500775,-0.011247157,0.008646498,-0.05248079,-0.07997937,0.17317659,0.028408276,0.07597848,-0.143017,0.12392748,0.071871735,0.046500724,-0.06328917,-0.0319785,-0.051434807,-0.08917968,0.1183092,-0.025231019,-0.038346898,-0.046224937,-0.1422224,-0.07143945,-0.07186863,-0.03996235,0.008970817,0.06398423,-0.091525905,-0.107802205,-0.029018773,0.04109867,0.109064795,-0.006860512,-0.15849592,0.13627319,-0.08410281,-0.031219913,0.006436589,-0.08820581,-0.020967081,-0.11425276,0.05686004,-0.034360703,0.09918989,-0.098349325,0.010764338,0.0572384,0.0047627217,-0.10397486,-0.0854549,-0.06091786,-0.022021377,-0.014778031,-0.06853435,-0.17473896,-0.18319024,0.12472398,-0.0035130659,-0.16751246,0.027577138,-0.01614969,-0.041051507,0.061685298,-0.111755736,-0.13230138,0.044774827,0.019609572,-0.049120188,0.022416629,-0.13654754,-0.056013253,0.066354394,-0.083533056,0.06458766,0.02211995,-0.043959327,-0.06508051,-0.14960888,-0.024128573,0.13361728,0.188315,0.12234221,-0.17150576,0.123252034,-0.10063382,0.14667661,0.002667283,0.042024363,-0.043777335,-0.052143518,0.017607734,0.053638473,0.040166855,0.016460462,-0.16102886,-0.0020749553,-0.052668426,-0.00013842715,0.04771778,0.034102183,-0.0684654,-0.1502515,-0.1116001,0.058809523,0.1883228,-0.08721222
0.05862418,0.058160283,-0.032877836,0.0010686493,-0.0003378109,-0.07059814,-0.15325898,0.049451917,0.15561245,0.00080669735,-0.08080147,-0.049977724,0.021483548,-0.019389652,0.005481047,-0.00055632234,0.106566206,-0.25603476,-0.05330123,-0.07931824,-0.019166881,-0.013988073,-0.056074023,0.012956655,-0.07538947,-0.202726,-0.16201487,0.016017148,0.10573652,-0.02114755,-0.014136069,-0.15769857,-0.032650597,-0.017457597,-0.10640038,-0.05347019,-0.017340288,0.16023387,-0.17090528,0.17831092,0.21493492,0.096485205,0.030108979,0.013777226,0.13430218,-0.055852283,-0.10378458,0.039932687,-0.062392276,-0.08353607,-0.12405335,-0.06483256,0.10974623,0.20626196,0.049420524,-0.006087427,0.08845097,-0.07232441,0.02223998,0.037958637,-0.09045977,-0.04471184,-0.086348034,0.008652629,-0.015852885,0.047330465,-0.06713716,0.0029625285,-0.09475116,0.10104105,-0.03862615,0.025820684,-0.0011402682,0.042542707,0.0028789453,-0.1499354,-0.18866423,9.780499e-05,-0.010142201,-0.04039104,-0.05670313,-0.09364984,0.0076489677,-0.07585944,0.09053467,0.106289804,-0.07448889,-0.044917025,0.011810653,-0.06793237,-0.13424283,0.015269676,0.034708604,-0.12354058,-0.041506585,0.038321313,0.033832077,0.08653338,-0.13286303,-0.054334305,-0.06074288,-0.0015290626,0.12510432,0.111614116,-0.12347308,0.06461198,-0.10441026,-0.012064378,0.17422959,-0.08095801,-0.019921772,0.006364467,0.09419049,-0.027930172,-0.043575272,-0.0073929736,0.14321831,0.036246996,0.0012652674,0.0466988,0.007403549,-0.1519151,0.048155967,-0.08804892,0.017896716,0.019190136,0.019574003,-0.19501236
-0.007030816,-0.06412386,0.028075796,0.088727705,0.13520756,0.035404216,0.03367362,-0.039932106,0.014308312,0.033364475,-0.10405255,-0.044154774,0.06440119,-0.015589276,0.07295715,0.03759862,-0.04206922,0.0041634566,0.10124686,0.05179738,-0.2651147,-0.22756842,0.09111499,0.1897416,-0.15360203,-0.020961009,-0.023671048,0.0365642,0.078477494,-0.04572007,0.14743331,-0.056033995,0.22505613,-0.036255125,-0.05023228,-0.02356574,0.03474304,-0.2133455,-0.091138095,0.11374341,-0.023078397,-0.023779681,-0.0757026,-0.028119268,0.11917877,0.001002756,0.0020572809,0.07829106,0.049251176,-0.121365145,-0.002685203,0.021650996,-0.0812088,-0.023118231,0.007176032,-0.23326688,0.0595972,0.14514403,0.08328256,-0.14267305,-0.053706754,0.12637997,0.043390695,-0.0482572,0.11564343,-0.0446224,-0.03888846,-0.08105533,0.06607101,-0.09151593,0.09618046,-0.048685566,0.042947754,0.018398078,-0.044822223,-0.0029555298,0.056860954,-0.103848904,0.12242727,-0.02610576,0.024953853,-0.013766958,0.10753507,-0.012837324,0.04170614,-0.030596877,0.031167936,0.056238566,0.012650608,0.037344042,-0.038507685,-0.025163237,0.093055815,-0.03294226,-0.041259184,-0.115009315,-0.05127629,-0.02350267,-0.0036913143,-0.10218988,0.17042656,0.04400536,-0.15366597,0.048247978,0.030240415,-0.0046979296,0.13312842,-0.06785861,0.08590178,0.13300684,0.083285324,-0.044412777,0.031025952,-0.121580854,-0.14734292,-0.09793755,0.06683721,0.036897354,0.025920384,-0.04183488,-0.15899758,-0.1198813,0.11639553,-0.04417616,0.050338212,0.09062981,-0.12554209,-0.014665018
-0.08661328,0.10820538,0.09665478,-0.025629684,0.014592028,0.004371245,0.12182812,-0.034371193,0.08352698,0.036234897,-0.14084105,0.021415345,0.04928829,-0.024429994,-0.0048115253,-0.04230016,0.07557836,-0.29359475,-0.10337456,-0.1240491,-0.08040759,-0.12825313,-0.13701297,-0.09205318,0.065367065,-0.05653269,-0.08882712,-0.0053174994,0.1111416,-0.07548131,0.06114465,-0.024427572,0.2232112,0.036634304,0.008106661,-0.13925807,-0.0966454,0.069009185,-0.13159908,-0.033310365,-0.045338165,0.04569467,-0.09324858,0.036173716,0.07088268,-0.05269948,0.015770964,0.13286178,-0.11176808,0.011207552,0.04316039,-0.069979966,0.17159235,0.085256025,-0.1119777,0.019904241,-0.001641893,0.15073092,-0.077035025,-0.06746696,-0.20728587,-0.00013974564,0.0993325,-0.14869525,-0.17192374,0.06792564,-0.19900815,0.098423004,-0.009679456,0.04459466,-0.049439073,0.04283647,0.052707616,0.0031377494,-0.0050592236,0.039825402,-0.11493326,-0.022986827,0.06773195,-0.015466467,-0.1111094,-0.01563729,-0.16809589,-0.14594725,0.0063685644,0.04017397,-0.067156926,-0.16001864,0.14915587,0.086545944,0.06396564,-0.0092079695,-0.009130004,0.07903172,-0.041407388,0.065896176,0.013890548,-0.015911646,0.019213287,-0.07026592,0.044193126,-0.058407556,0.050877225,0.0060834815,0.046289697,-0.09053914,-0.048364684,0.031163702,0.20238052,-0.014536201,0.009966563,0.1231368,0.06062563,-0.070306316,-0.040205073,-0.036889322,0.063344695,0.04777211,0.040617652,-0.0307527,0.022599759,-0.14844841,0.05868736,-0.032009,-0.025012633,-0.008638885,0.029726932,-0.095364146
-0.04802313,0.10405638,0.056959525,-0.1301384,-0.06370832,-0.034415636,0.14825763,-0.024551595,0.010822245,0.011850304,-0.09756798,-0.047763206,0.027313504,0.00925977,0.05118382,-0.047931608,0.02637546,-0.15100764,-0.028640877,-0.012623645,-0.057073135,-0.058395643,-0.13548085,-0.09211129,0.05187302,-0.05212518,-0.10453038,-0.033368636,0.09633146,-0.118669614,0.11645022,-0.05947997,0.1691235,0.09749239,0.050837275,-0.08503836,-0.11457539,0.026567763,-0.023306083,0.011298531,0.0037419149,-0.03949807,-0.101288974,0.12215638,0.010634717,-0.062116202,-0.05470928,0.09600515,-0.15553045,-0.012856705,0.13492352,-0.052786537,0.11932308,0.070508994,-0.0016123792,0.064425744,-0.032340117,0.13875912,-0.073522836,-0.09736469,-0.20520392,0.045644,0.08023321,-0.18404786,-0.19230242,0.012692969,-0.094692945,0.12538698,0.05131394,0.05149981,-0.014771015,-0.04899348,0.051549617,0.059133,0.0060394523,0.07300304,-0.09858288,0.06870886,0.035620283,-0.022329373,-0.23684862,0.09698667,-0.15010034,-0.15773226,0.0642605,-0.0403253,-0.051676948,-0.14722426,0.09257563,0.009962537,0.13081017,-0.03553169,0.1323318,0.12039442,-0.07061957,0.18981296,0.051323485,-0.11466565,-0.0011159853,-0.048098207,-0.044952642,-0.029591145,0.13832006,-0.0057886634,-0.038541712,-0.05377401,-0.12549296,0.10874759,0.07164001,-0.02354197,-0.0014187943,0.030717306,-0.062224444,-0.09747579,-0.028583108,0.0012212222,0.022367215,0.03807809,0.02726052,-0.025597304,0.050856296,-0.1475585,0.0106172515,-0.12306706,-0.017733678,0.13275398,-0.06574911,-0.112658985
-0.018284211,-0.018365316,-0.049102936,-0.006324466,0.029807348,-0.015624313,-0.079757035,-0.037601694,0.048817735,0.005992105,-0.14812936,-0.014346855,-0.012232951,0.0032577475,0.023423174,-0.0018881109,-0.00058718934,-0.013156998,0.0535964,0.022748254,-0.28911975,-0.24674451,-0.018468374,0.21679835,-0.15820068,-0.08421658,-0.029496374,0.06957416,0.11418261,-0.09941604,0.19122334,-0.12439448,0.105589226,-0.08569397,0.05746458,-0.11028921,0.08553798,-0.19510995,-0.088065036,0.07276416,-0.0013534245,-0.011875485,-0.032406323,-0.04104993,0.09618817,-0.0029087735,0.006679616,0.15479028,0.17360276,-0.1483828,0.04011079,0.049188673,-0.09089137,0.06016826,0.0016413246,-0.1663945,0.035154536,0.093477935,0.0129266875,-0.10032721,-0.110195585,0.034978036,-0.0046792305,-0.038849674,0.084038064,-0.10986631,-0.02906651,0.038292333,0.105419666,-0.05024644,0.04946143,-0.09490173,0.050831847,0.11764388,-0.018876076,0.04818016,-0.00020406554,-0.098316416,0.054220583,-0.0849744,0.12590276,-0.09734021,0.06753041,-0.040366698,0.043437023,0.024690168,0.07766147,0.03858076,-0.024051355,-0.03799232,-0.03737039,-0.005972492,0.12222032,0.019560045,0.03673527,-0.13439737,0.015520547,0.0685362,0.041342236,-0.081157416,0.19171806,0.0032662419,0.010001377,-0.040827945,-0.001335001,-0.002742657,0.087207384,-0.037885856,0.10481839,0.09095132,0.012367195,-0.13672695,0.029473472,-0.01655884,-0.22113375,-0.02912927,0.09674201,-0.011043845,0.05958165,0.01911618,-0.13377254,-0.110012695,0.13631906,-0.01622715,0.029811705,0.035563532,-0.08905064,-0.088324636
-0.059695426,0.0027924813,0.011928744,0.10324434,-0.030395625,0.012729344,0.12906896,0.043405384,0.06677313,0.098234005,-0.06101756,0.031810645,0.0077441586,0.019115832,0.073408246,0.03502104,-0.12602432,-0.12210202,-0.015790606,-0.105186366,-0.054783132,-0.02689892,-0.13507177,0.1628578,-0.031314954,-0.06468913,-0.082497425,-0.011338201,-0.016756995,0.09985461,0.100057915,0.06827422,0.023208696,-0.08047004,0.012688657,-0.103626184,0.055805568,0.013858404,-0.28574553,-0.1792797,-0.06875549,0.052626662,-0.02868234,0.16203532,0.12136076,-0.056708124,0.08745478,0.022694902,-0.038422193,-0.08716553,-0.074956864,0.1291693,0.047633637,-0.051001117,0.064560845,-0.047751456,-0.05621493,-0.06063551,-0.019240499,0.020437771,-0.01008825,0.1527319,0.027345257,0.030679218,0.18629703,-0.11391701,-0.1021612,-0.068247795,0.053589202,-0.079836674,0.023219718,0.051671494,0.05688759,0.03495237,0.031239575,-0.100276135,0.08719403,0.07954196,-0.021700475,-0.06177516,-0.15284626,-0.04567374,-0.012894987,-0.085735,-0.12012239,0.043800183,0.0021146568,-0.11424866,-0.051888008,-0.046594102,0.050896868,0.050439395,-0.08829817,0.08463266,-0.0052017146,-0.08083066,-0.09907852,0.16822743,-0.08045388,-0.16852672,0.15063238,-0.1864264,0.12391166,-0.107983455,0.13912436,-0.1540107,-0.10081293,-0.06889503,0.11979991,0.023783354,0.061957255,0.03705849,-0.10886265,-0.018400317,-0.15973453,0.034195855,-0.07201764,-0.04950648,0.13109413,0.029175911,0.035792734,-0.042949773,0.121095575,0.08974257,-0.02759055,0.07977148,-0.013137507,0.072661415
0.03632556,0.04526622,-0.22037797,-0.12599494,-0.099469855,0.059257142,0.09143188,0.13366151,0.14221373,-0.029466731,-0.13809268,0.05960863,0.053772192,0.023725815,0.043001603,-0.051322516,-0.04871745,-0.19233027,-0.06763611,-0.0398877,0.07244511,0.07221195,-0.20445898,0.09169441,0.093880534,-0.11845862,-0.09372487,-0.032566957,0.12296947,0.041726544,0.026922368,-0.01969744,-0.0633079,-0.013206673,-0.044792533,-0.1127569,-0.0778752,0.041781615,-0.007523985,0.06705449,-0.09465787,0.03783843,0.002111782,-0.07749812,0.021718495,-0.02647375,0.010453562,0.11710463,-0.07272779,-0.11465505,0.039910115,-0.07732813,0.14298373,0.0737553,-0.0016240124,0.034204084,0.06691154,0.070508905,-0.019435676,0.0055860076,-0.16580883,0.061314102,0.03261382,-0.025372142,-0.11507462,0.056060437,-0.056760296,0.15560912,0.11090146,0.09220906,-0.062379643,-0.022812542,0.06170666,0.023842508,-0.11347337,0.008450981,-0.18630517,-0.0074467724,-0.041732278,-0.057954405,-0.057561845,-0.17363206,-0.078792274,-0.23155302,0.1669292,0.07994066,-0.12366815,-0.17065322,0.015507409,-0.07536143,0.04607125,0.10635813,0.02489569,0.098576576,0.015239008,0.085759036,0.14574525,0.058225416,0.075086825,0.008491312,-0.1217217,-0.04769709,0.19694261,-0.0016501275,-0.067853615,-0.02562918,-0.07242045,-0.03053027,0.060669933,-0.04544995,0.037576668,0.04814967,0.10176872,0.018678563,-0.034944158,0.068203844,-0.012169156,0.0067269197,0.085290104,0.120941,0.09786879,-0.14137292,0.03451655,0.01986478,0.0626116,0.024050979,-0.026516112,-0.08870038
0.06736485,0.028841468,-0.21777193,-0.08557584,-0.05872351,0.035603497,0.054204956,0.15973774,0.12316531,-0.023369588,-0.0848717,0.06996104,0.045482703,0.040834542,0.01822139,-0.05751435,-0.03886075,-0.15001148,-0.053021505,-0.06681602,0.14088757,0.076869585,-0.31750557,0.088400476,0.107785694,-0.05629788,-0.042808585,0.014823775,0.068439975,0.10528686,0.0109665515,-0.04297898,-0.07606368,0.028979234,-0.04469141,-0.108121805,-0.15582775,0.018642575,-0.06607645,-0.017212983,-0.08704033,0.013860143,-0.0011509028,-0.034486067,-0.041527923,-0.0046962355,-0.04074153,0.06126548,-0.019397259,-0.09414587,0.08538101,-0.026445111,0.1399158,0.01810309,-0.022418803,-0.0012147165,0.066093326,0.0821078,-0.041046746,0.0071279206,-0.1189464,0.025670351,0.06668088,-0.022696273,-0.050084673,0.00010464791,-0.07111253,0.11387727,0.088757895,0.05933348,-0.051051117,-0.041988846,0.07190661,0.0321875,-0.07552456,0.04416628,-0.11513338,-0.06796906,-0.05463154,-0.027721897,-0.00053187576,-0.23163894,-0.08604552,-0.17404284,0.21986921,0.13115296,-0.117436185,-0.16562001,0.049380247,-0.09486439,0.084817305,0.13019563,0.08898467,0.048143264,0.08723049,0.051947776,0.13184783,0.10050136,0.09745197,-0.018666383,-0.12010641,-0.09340515,0.14079599,-0.03293985,0.027333437,-0.057052493,-0.0045101047,-0.022522783,0.058642633,-0.05064612,0.071139485,0.021918822,0.059648838,0.030808624,-0.02722015,0.020683728,0.025681958,0.017224465,0.10367633,0.052889023,0.07698293,-0.19703755,0.09395098,0.1143681,0.13493536,-0.005306537,-0.08139427,0.01027271
0.08378815,-0.0103896875,0.04425705,-0.103746355,0.025693927,-0.1425508,0.057044882,-0.06971587,0.026888633,-0.17653605,-0.11758749,0.08481957,-0.050254516,0.0002930142,0.052091423,0.010468299,0.11775255,0.035278503,0.14759184,0.014114197,0.06228575,-0.01703419,0.019654674,-0.105167046,-0.035030644,0.11091998,0.08963359,-0.06157493,-0.11479639,-0.106124334,0.037782878,-0.13685755,0.15933569,0.14607072,0.058064237,-0.07347767,-0.046696506,-0.014139327,-0.010598722,-0.015089656,-0.07792298,0.06784278,0.0036046668,0.15658523,0.07501906,-0.0047742305,-0.105779424,0.029387949,-0.042258278,0.07995554,0.09516391,0.11543757,0.084129035,0.06882683,-0.008829789,0.119164295,-0.01789614,0.058025993,0.034395013,-0.017103722,-0.048956048,-0.040633544,0.12135761,-0.031341743,-0.13269621,0.04825406,-0.11385878,-0.008201063,-0.14898671,0.09501088,0.038417213,-0.0117702475,0.019417824,-0.011338009,0.1115774,0.1557508,-0.13259345,0.08873765,-0.07666759,-0.061211664,-0.06417498,0.1504961,-0.18768367,0.054072816,-0.08764469,0.034113333,0.08179052,-0.060445283,0.17819941,-0.00051847287,0.20670643,0.021965452,0.16001958,0.048771452,-0.16187648,0.18579687,0.0236089,-0.10851205,0.12762694,-0.018721387,0.012696758,0.020836702,-0.076578274,0.119692564,-0.1300388,0.0203603,-0.12808038,0.06241514,0.0063524107,-0.13061003,0.11147742,-0.050050445,-0.061730847,-0.090957135,0.085497245,0.033913933,0.091020726,0.13518147,0.04434508,0.037831426,0.08271754,-0.04962852,0.021571403,-0.021968003,-0.08249205,-0.0040888595,-0.05202952,-0.043103855
-0.03890789,0.2077325,0.04651243,-0.009290741,-0.043428097,-0.081693195,0.0036762028,0.039166246,-0.044606816,0.09824747,-0.16770276,-0.042347208,-0.0487073,-0.10008915,-0.053153135,0.032792233,0.040780507,-0.057331875,-0.058494892,-0.087199144,-0.0927774,-0.007242063,-0.10318934,-0.26437184,0.009238952,-0.018562444,0.022560054,-0.011381002,0.007237789,-0.03289824,0.06456492,0.016594097,-0.06792246,0.02791755,0.20972186,-0.0031960933,-0.0037194754,0.06118038,-0.06331538,0.0538864,-0.06415989,-0.026181387,-0.06892973,-0.040585373,-0.097917475,-0.19046058,0.10075096,0.089279436,0.026985068,-0.011167183,-0.111289844,0.013362748,0.12891257,0.10359244,-0.03055531,0.032684114,-0.012726156,-0.040760223,-0.07035761,0.045549076,-0.07151867,0.10012958,0.038668938,-0.12345906,-0.03276225,0.09927524,-0.07342768,-0.03865752,0.100245565,0.046733145,-0.16629761,-0.10661046,-0.117288455,0.015690468,-0.04266411,-0.011604812,-0.17434482,-0.1213708,0.08250521,-0.07138243,-0.18196873,-0.0038327482,-0.052362133,-0.164624,0.05418281,-0.081931554,-0.090151906,-0.09159755,0.030243743,0.019846378,-0.0082948385,-0.1079257,-0.005194294,0.03910551,0.04640161,0.11520147,-0.059016056,-0.07948171,-0.121062055,-0.118685976,0.039658297,0.040640485,0.24705626,0.06446909,-0.111178964,0.12830305,-0.13175087,0.10983135,0.14183389,0.02466019,-0.021349747,0.017617658,0.017093234,-0.0013270351,-0.029385777,0.10505015,-0.035296287,0.06268941,0.09286239,0.0995845,0.041136928,-0.04030416,-0.0085552735,-0.1381705,-0.055259164,0.055169784,0.14564627,-0.14482097
0.08946904,0.0006770811,0.027027156,-0.18777557,0.010918209,-0.11707836,-0.042099256,-0.12862448,-0.047767427,-0.09413664,-0.06341525,-0.09371803,-0.12629859,-0.025455689,-0.083517104,0.028716372,0.050260395,-0.0532919,0.040011596,-0.014281251,-0.06486588,-0.07997814,0.027462767,-0.052373897,-0.12520753,-0.0793028,-0.0516676,-0.15322487,0.027447198,-0.15305053,0.036010806,-0.10941278,0.112574,0.09978962,0.042296056,0.094631836,0.08013118,0.20362402,-0.10129865,-0.1032889,0.02189345,0.09723876,-0.07441804,0.23615897,-0.00902067,-0.03184078,-0.07067063,0.08941804,0.0140470285,0.05962,-0.056903716,0.08428723,0.07157725,0.04060827,-0.03371138,0.02832499,-0.14660212,-0.08395871,-0.01824377,0.030102938,-0.04015351,-0.068064064,-0.019554336,-0.081022084,-0.11190941,-0.011341095,-0.048785828,-0.09695582,-0.0149053745,0.14900082,-0.12639794,-0.14845759,-0.058611248,0.041882344,0.045685407,-0.028196532,-0.14308189,0.025323557,-0.069143906,-0.06234023,-0.11034177,0.034007568,0.052124992,-0.054138295,-0.0063631563,-0.049249966,-0.08765942,0.094019696,0.08497872,0.040962107,0.013847822,0.0013780387,0.093460366,0.06674942,0.0069205514,0.14661889,-0.08993224,0.046393823,-0.04379472,-0.16252574,-0.004816494,-0.07137431,-0.03525246,0.17520484,-0.24853867,0.17356151,-0.065314054,0.052879937,0.10044823,-0.14735301,-0.093439534,0.10833089,-0.1418294,0.07496725,-0.011690835,0.1081438,0.11143994,0.007738628,-0.019048493,0.053098615,-0.041832116,0.03921593,-0.022353712,0.017568126,-0.13307542,0.034961008,0.0739786,-0.047746215
0.055673275,-0.058154225,-0.03342097,0.0059315017,0.011658035,0.020788101,0.060034268,-0.02859564,-0.057826925,0.02949167,-0.1304005,-0.035757683,0.037849534,-0.10030967,0.0793555,-0.009719095,0.04262787,-0.10806136,0.0070853434,0.052686457,-0.17034538,-0.17548417,0.04367313,0.15413472,-0.1362043,-0.08878373,-0.018048879,0.03280994,0.17984329,0.01654504,0.20805177,-0.17140287,0.12958816,-0.052398432,0.07966265,-0.005118516,0.068340585,-0.096786015,-0.08128772,-0.01699776,-0.006853539,-0.16207169,-0.024768135,-0.01288497,0.088533044,-0.0032941448,0.03535379,0.16904251,0.13421625,-0.14076562,0.036305435,0.08406832,-0.046119366,-0.0634298,0.017679473,-0.16767475,0.12106354,-0.057369627,-0.08274984,-0.12902968,0.040066913,0.0031886408,-0.09974239,0.038284015,0.120922394,-0.030942881,-0.050006878,0.12454866,0.146864,-0.031507302,0.212037,-0.051331453,0.14581572,0.077816464,0.03203521,-0.04271184,-0.068696216,-0.025717527,0.11067307,-0.098364115,0.03512297,-0.02274089,0.15259786,-0.015900128,-0.043992218,-0.01988308,0.06703308,0.06105457,-0.188265,-0.09022938,0.024827268,0.013606141,-0.0003993473,0.04957599,-0.01880909,-0.052932855,-0.049586836,0.086271,-0.0075835576,-0.16640826,0.07025112,-0.008565401,0.04828576,-0.16667691,0.054561008,-0.11124002,0.10715505,-0.06934764,-0.0044696718,0.0756294,-0.024115756,-0.061425302,-0.007938343,-0.037351646,-0.15041088,-0.060121495,0.031152798,0.0255379,0.03042954,-0.01624844,-0.07013147,-0.113288864,0.10102485,-0.0067912843,0.06603534,0.08402885,-0.1835489,-0.0006790769
